coin,opening_candle_date,probability,previous_close_price,close_price,close_direction,last_monitor_date,potential_profit_%
TRX/USDT,2024-07-17 00:00:00,0.74,0.13402,0.13358,0,2024-07-18 00:01:50,-0.33
COS/USDT,2024-07-17 00:00:00,0.75,0.00838,0.008518,1,2024-07-18 00:01:50,1.65
DENT/USDT,2024-07-17 00:00:00,0.75,0.000974,0.000964,0,2024-07-18 00:01:50,-1.03
CVC/USDT,2024-07-17 00:00:00,0.78,0.1094,0.1071,0,2024-07-18 00:01:50,-2.1
CHZ/USDT,2024-07-17 00:00:00,0.76,0.0733,0.0722,0,2024-07-18 00:01:50,-1.5
HBAR/USDT,2024-07-17 00:00:00,0.73,0.0766,0.0753,0,2024-07-18 00:01:50,-1.7
CTXC/USDT,2024-07-17 00:00:00,0.83,0.166,0.1627,0,2024-07-18 00:01:50,-1.99
OGN/USDT,2024-07-17 00:00:00,0.74,0.0994,0.0979,0,2024-07-18 00:01:50,-1.51
SC/USDT,2024-07-17 00:00:00,0.72,0.005139,0.005034,0,2024-07-18 00:01:50,-2.04
ZEN/USDT,2024-07-17 00:00:00,0.72,11.73,11.65,0,2024-07-18 00:01:50,-0.68
DCR/USDT,2024-07-17 00:00:00,0.8,13.92,13.95,1,2024-07-18 00:01:50,0.22
YFI/USDT,2024-07-17 00:00:00,0.75,5988.0,6040.0,1,2024-07-18 00:01:50,0.87
SAND/USDT,2024-07-17 00:00:00,0.87,0.3358,0.3335,0,2024-07-18 00:01:50,-0.68
EGLD/USDT,2024-07-17 00:00:00,0.73,36.48,36.87,1,2024-07-18 00:01:50,1.07
ROSE/USDT,2024-07-17 00:00:00,0.71,0.09204,0.09034,0,2024-07-18 00:01:50,-1.85
CAKE/USDT,2024-07-17 00:00:00,0.71,2.043,1.997,0,2024-07-18 00:01:50,-2.25
SUPER/USDT,2024-07-17 00:00:00,0.77,0.649,0.6565,1,2024-07-18 00:01:50,1.16
TKO/USDT,2024-07-17 00:00:00,0.82,0.3443,0.3404,0,2024-07-18 00:01:50,-1.13
TLM/USDT,2024-07-17 00:00:00,0.79,0.01211,0.01384,1,2024-07-18 00:01:50,14.29
BURGER/USDT,2024-07-17 00:00:00,0.78,0.4315,0.427,0,2024-07-18 00:01:50,-1.04
MASK/USDT,2024-07-17 00:00:00,0.82,2.414,2.411,1,2024-07-18 00:01:50,-0.12
ATA/USDT,2024-07-17 00:00:00,0.71,0.1014,0.1009,0,2024-07-18 00:01:50,-0.49
GTC/USDT,2024-07-17 00:00:00,0.89,0.889,0.869,0,2024-07-18 00:01:50,-2.25
BOND/USDT,2024-07-17 00:00:00,0.79,1.632,1.676,1,2024-07-18 00:01:50,2.7
DEXE/USDT,2024-07-17 00:00:00,0.74,10.314,10.403,1,2024-07-18 00:01:50,0.86
QUICK/USDT,2024-07-17 00:00:00,0.88,0.0412,0.04067,0,2024-07-18 00:01:50,-1.29
IDEX/USDT,2024-07-17 00:00:00,0.83,0.04359,0.04355,1,2024-07-18 00:01:50,-0.09
VIDT/USDT,2024-07-17 00:00:00,0.8,0.02293,0.02286,0,2024-07-18 00:01:50,-0.31
AUCTION/USDT,2024-07-17 00:00:00,0.79,15.4,15.53,1,2024-07-18 00:01:50,0.84
PORTO/USDT,2024-07-17 00:00:00,0.75,1.573,1.587,1,2024-07-18 00:01:50,0.89
JASMY/USDT,2024-07-17 00:00:00,0.77,0.03018,0.02896,0,2024-07-18 00:01:50,-4.04
SANTOS/USDT,2024-07-17 00:00:00,0.87,2.826,2.838,1,2024-07-18 00:01:50,0.42
VOXEL/USDT,2024-07-17 00:00:00,0.73,0.1546,0.1595,1,2024-07-18 00:01:50,3.17
LOKA/USDT,2024-07-17 00:00:00,0.82,0.1804,0.1899,1,2024-07-18 00:01:50,5.27
SCRT/USDT,2024-07-17 00:00:00,0.76,0.276,0.2804,1,2024-07-18 00:01:50,1.59
T/USDT,2024-07-17 00:00:00,0.72,0.02344,0.02335,0,2024-07-18 00:01:50,-0.38
GMT/USDT,2024-07-17 00:00:00,0.82,0.1557,0.1552,1,2024-07-18 00:01:50,-0.32
BSW/USDT,2024-07-17 00:00:00,0.73,0.0641,0.0631,0,2024-07-18 00:01:50,-1.56
HFT/USDT,2024-07-17 00:00:00,0.79,0.2011,0.2,0,2024-07-18 00:01:50,-0.55
MAGIC/USDT,2024-07-17 00:00:00,0.71,0.5452,0.5607,1,2024-07-18 00:01:50,2.84
PROS/USDT,2024-07-17 00:00:00,0.8,0.3865,0.386,1,2024-07-18 00:01:50,-0.13
UFT/USDT,2024-07-17 00:00:00,0.7,0.3032,0.3008,0,2024-07-18 00:01:50,-0.79
ID/USDT,2024-07-17 00:00:00,0.71,0.4467,0.476,1,2024-07-18 00:01:50,6.56
MEME/USDT,2024-07-17 00:00:00,0.71,0.01696,0.01658,0,2024-07-18 00:01:50,-2.24
ACE/USDT,2024-07-17 00:00:00,0.77,3.111,3.092,0,2024-07-18 00:01:50,-0.61
AERGO/USDT,2024-07-18 00:00:00,0.86,0.0968,0.0963,0,2024-07-19 00:00:57,-0.52
AST/USDT,2024-07-18 00:00:00,0.89,0.0978,0.0933,0,2024-07-19 00:00:57,-4.6
PENDLE/USDT,2024-07-18 00:00:00,0.76,4.532,4.615,1,2024-07-19 00:00:57,1.83
AI/USDT,2024-07-18 00:00:00,0.73,0.615,0.622,1,2024-07-19 00:00:57,1.14
METIS/USDT,2024-07-18 00:00:00,0.71,45.79,46.39,1,2024-07-19 00:00:57,1.31
TNSR/USDT,2024-07-18 00:00:00,0.74,0.558,0.5406,0,2024-07-19 00:00:57,-3.12
REZ/USDT,2024-07-18 00:00:00,0.71,0.0774,0.0746,0,2024-07-19 00:00:57,-3.62
IO/USDT,2024-07-18 00:00:00,0.81,2.692,2.967,1,2024-07-19 00:00:57,10.22
ZRO/USDT,2024-07-18 00:00:00,0.7,4.005,3.926,0,2024-07-19 00:00:57,-1.97
NEO/USDT,2024-07-18 00:00:00,0.73,11.49,11.39,0,2024-07-19 00:00:57,-0.87
LTC/USDT,2024-07-18 00:00:00,0.84,71.38,71.63,1,2024-07-19 00:00:57,0.35
QTUM/USDT,2024-07-18 00:00:00,0.86,2.65,2.67,1,2024-07-19 00:00:57,0.75
ADA/USDT,2024-07-18 00:00:00,0.92,0.4359,0.4234,0,2024-07-19 00:00:57,-2.87
TRX/USDT,2024-07-18 00:00:00,0.72,0.13358,0.13449,1,2024-07-19 00:00:57,0.68
VET/USDT,2024-07-18 00:00:00,0.82,0.03111,0.03036,0,2024-07-19 00:00:57,-2.41
ZIL/USDT,2024-07-18 00:00:00,0.79,0.01739,0.01722,0,2024-07-19 00:00:57,-0.98
THETA/USDT,2024-07-18 00:00:00,0.82,1.481,1.487,1,2024-07-19 00:00:57,0.41
TFUEL/USDT,2024-07-18 00:00:00,0.96,0.07165,0.07021,0,2024-07-19 00:00:57,-2.01
DOGE/USDT,2024-07-18 00:00:00,0.82,0.12178,0.11956,0,2024-07-19 00:00:57,-1.82
COS/USDT,2024-07-18 00:00:00,0.74,0.008518,0.008142,0,2024-07-19 00:00:57,-4.41
DENT/USDT,2024-07-18 00:00:00,0.79,0.000964,0.000952,0,2024-07-19 00:00:57,-1.24
FUN/USDT,2024-07-18 00:00:00,0.91,0.003877,0.003839,0,2024-07-19 00:00:57,-0.98
CVC/USDT,2024-07-18 00:00:00,0.7,0.1071,0.1059,0,2024-07-19 00:00:57,-1.12
CHZ/USDT,2024-07-18 00:00:00,0.76,0.0722,0.0699,0,2024-07-19 00:00:57,-3.19
HBAR/USDT,2024-07-18 00:00:00,0.7,0.0753,0.0727,0,2024-07-19 00:00:57,-3.45
STX/USDT,2024-07-18 00:00:00,0.79,1.876,1.843,0,2024-07-19 00:00:57,-1.76
CTXC/USDT,2024-07-18 00:00:00,0.8,0.1627,0.1674,1,2024-07-19 00:00:57,2.89
BCH/USDT,2024-07-18 00:00:00,0.99,375.1,382.8,1,2024-07-19 00:00:57,2.05
OGN/USDT,2024-07-18 00:00:00,0.84,0.0979,0.096,0,2024-07-19 00:00:57,-1.94
BNT/USDT,2024-07-18 00:00:00,0.77,0.624,0.6304,1,2024-07-19 00:00:57,1.03
STPT/USDT,2024-07-18 00:00:00,0.7,0.04468,0.04512,1,2024-07-19 00:00:57,0.98
MDT/USDT,2024-07-18 00:00:00,0.9,0.0467,0.04504,0,2024-07-19 00:00:57,-3.55
SC/USDT,2024-07-18 00:00:00,0.77,0.005034,0.004924,0,2024-07-19 00:00:57,-2.19
SNX/USDT,2024-07-18 00:00:00,0.77,1.928,1.922,0,2024-07-19 00:00:57,-0.31
MKR/USDT,2024-07-18 00:00:00,0.79,2857.0,2816.0,0,2024-07-19 00:00:57,-1.44
DCR/USDT,2024-07-18 00:00:00,0.7,13.95,12.97,0,2024-07-19 00:00:57,-7.03
MANA/USDT,2024-07-18 00:00:00,0.83,0.3576,0.3388,0,2024-07-19 00:00:57,-5.26
SAND/USDT,2024-07-18 00:00:00,0.91,0.3335,0.3217,0,2024-07-19 00:00:57,-3.54
EGLD/USDT,2024-07-18 00:00:00,0.73,36.87,36.27,0,2024-07-19 00:00:57,-1.63
DIA/USDT,2024-07-18 00:00:00,0.77,0.4166,0.4181,1,2024-07-19 00:00:57,0.36
FIO/USDT,2024-07-18 00:00:00,0.85,0.02656,0.02561,0,2024-07-19 00:00:57,-3.58
BEL/USDT,2024-07-18 00:00:00,0.7,0.5634,0.554,0,2024-07-19 00:00:57,-1.67
OXT/USDT,2024-07-18 00:00:00,0.83,0.0833,0.0834,1,2024-07-19 00:00:57,0.12
UTK/USDT,2024-07-18 00:00:00,0.78,0.05488,0.05313,0,2024-07-19 00:00:57,-3.19
AAVE/USDT,2024-07-18 00:00:00,0.88,98.08,98.57,1,2024-07-19 00:00:57,0.5
AXS/USDT,2024-07-18 00:00:00,0.76,5.998,6.063,1,2024-07-19 00:00:57,1.08
STRAX/USDT,2024-07-18 00:00:00,0.86,0.0478,0.0576,1,2024-07-19 00:00:57,20.5
CAKE/USDT,2024-07-18 00:00:00,0.93,1.997,2.002,1,2024-07-19 00:00:57,0.25
TKO/USDT,2024-07-18 00:00:00,0.7,0.3404,0.3288,0,2024-07-19 00:00:57,-3.41
PUNDIX/USDT,2024-07-18 00:00:00,0.74,0.4057,0.4001,0,2024-07-19 00:00:57,-1.38
TLM/USDT,2024-07-18 00:00:00,0.73,0.01384,0.01298,0,2024-07-19 00:00:57,-6.21
BAR/USDT,2024-07-18 00:00:00,0.79,1.974,1.974,1,2024-07-19 00:00:57,0.0
FORTH/USDT,2024-07-18 00:00:00,0.73,3.417,3.264,0,2024-07-19 00:00:57,-4.48
BURGER/USDT,2024-07-18 00:00:00,0.82,0.427,0.4138,0,2024-07-19 00:00:57,-3.09
MASK/USDT,2024-07-18 00:00:00,0.72,2.411,2.388,0,2024-07-19 00:00:57,-0.95
GTC/USDT,2024-07-18 00:00:00,0.83,0.869,0.859,0,2024-07-19 00:00:57,-1.15
FLOW/USDT,2024-07-18 00:00:00,0.73,0.614,0.605,0,2024-07-19 00:00:57,-1.47
RAY/USDT,2024-07-18 00:00:00,0.71,1.9232,1.9473,1,2024-07-19 00:00:57,1.25
ALPACA/USDT,2024-07-18 00:00:00,0.76,0.1336,0.1282,0,2024-07-19 00:00:57,-4.04
IDEX/USDT,2024-07-18 00:00:00,0.85,0.04355,0.04274,0,2024-07-19 00:00:57,-1.86
VIDT/USDT,2024-07-18 00:00:00,0.92,0.02286,0.02203,0,2024-07-19 00:00:57,-3.63
ILV/USDT,2024-07-18 00:00:00,0.82,68.4,72.81,1,2024-07-19 00:00:57,6.45
LAZIO/USDT,2024-07-18 00:00:00,0.78,1.508,1.451,0,2024-07-19 00:00:57,-3.78
CHESS/USDT,2024-07-18 00:00:00,0.84,0.1338,0.1333,0,2024-07-19 00:00:57,-0.37
CITY/USDT,2024-07-18 00:00:00,0.81,2.266,2.225,0,2024-07-19 00:00:57,-1.81
QI/USDT,2024-07-18 00:00:00,0.73,0.01513,0.01503,0,2024-07-19 00:00:57,-0.66
POWR/USDT,2024-07-18 00:00:00,0.76,0.209,0.2297,1,2024-07-19 00:00:57,9.9
JASMY/USDT,2024-07-18 00:00:00,0.81,0.02896,0.02795,0,2024-07-19 00:00:57,-3.49
PYR/USDT,2024-07-18 00:00:00,0.85,3.402,3.533,1,2024-07-19 00:00:57,3.85
VOXEL/USDT,2024-07-18 00:00:00,0.86,0.1595,0.1623,1,2024-07-19 00:00:57,1.76
JOE/USDT,2024-07-18 00:00:00,0.77,0.3424,0.3419,0,2024-07-19 00:00:57,-0.15
LOKA/USDT,2024-07-18 00:00:00,0.84,0.1899,0.1841,0,2024-07-19 00:00:57,-3.05
XNO/USDT,2024-07-18 00:00:00,0.82,0.961,0.953,0,2024-07-19 00:00:57,-0.83
ALPINE/USDT,2024-07-18 00:00:00,0.8,1.421,1.369,0,2024-07-19 00:00:57,-3.66
T/USDT,2024-07-18 00:00:00,0.7,0.02335,0.02341,1,2024-07-19 00:00:57,0.26
GMT/USDT,2024-07-18 00:00:00,0.71,0.1552,0.1538,0,2024-07-19 00:00:57,-0.9
KDA/USDT,2024-07-18 00:00:00,0.74,0.608,0.601,0,2024-07-19 00:00:57,-1.15
REI/USDT,2024-07-18 00:00:00,0.74,0.05621,0.05519,0,2024-07-19 00:00:57,-1.81
POLYX/USDT,2024-07-18 00:00:00,0.93,0.2717,0.2676,0,2024-07-19 00:00:57,-1.51
HFT/USDT,2024-07-18 00:00:00,0.78,0.2,0.195,0,2024-07-19 00:00:57,-2.5
KAVA/USDT,2024-07-19 00:00:00,0.71,0.4132,0.4269,1,2024-07-20 00:02:14,3.32
CTXC/USDT,2024-07-19 00:00:00,0.75,0.1674,0.1667,0,2024-07-20 00:02:14,-0.42
BCH/USDT,2024-07-19 00:00:00,0.79,382.8,391.4,1,2024-07-20 00:02:14,2.25
FTT/USDT,2024-07-19 00:00:00,0.75,1.4034,1.4443,1,2024-07-20 00:02:14,2.91
STPT/USDT,2024-07-19 00:00:00,0.9,0.04512,0.04668,1,2024-07-20 00:02:14,3.46
DATA/USDT,2024-07-19 00:00:00,0.73,0.0377,0.03932,1,2024-07-20 00:02:14,4.3
MDT/USDT,2024-07-19 00:00:00,0.74,0.04504,0.04606,1,2024-07-20 00:02:14,2.26
KNC/USDT,2024-07-19 00:00:00,0.87,0.5541,0.5687,1,2024-07-20 00:02:14,2.63
SXP/USDT,2024-07-19 00:00:00,0.73,0.2537,0.2625,1,2024-07-20 00:02:14,3.47
MKR/USDT,2024-07-19 00:00:00,0.71,2816.0,2841.0,1,2024-07-20 00:02:14,0.89
DCR/USDT,2024-07-19 00:00:00,0.95,12.97,13.32,1,2024-07-20 00:02:14,2.7
BAL/USDT,2024-07-19 00:00:00,0.7,2.641,2.732,1,2024-07-20 00:02:14,3.45
IRIS/USDT,2024-07-19 00:00:00,0.8,0.01391,0.01435,1,2024-07-20 00:02:14,3.16
LUNA/USDT,2024-07-19 00:00:00,0.86,0.4311,0.448,1,2024-07-20 00:02:14,3.92
AVAX/USDT,2024-07-19 00:00:00,0.94,27.14,28.16,1,2024-07-20 00:02:14,3.76
ORN/USDT,2024-07-19 00:00:00,0.94,1.5076,1.585,1,2024-07-20 00:02:14,5.13
UTK/USDT,2024-07-19 00:00:00,0.78,0.05313,0.05545,1,2024-07-20 00:02:14,4.37
AAVE/USDT,2024-07-19 00:00:00,0.71,98.57,100.77,1,2024-07-20 00:02:14,2.23
INJ/USDT,2024-07-19 00:00:00,0.73,26.92,26.4,0,2024-07-20 00:02:14,-1.93
AKRO/USDT,2024-07-19 00:00:00,0.71,0.005255,0.005325,1,2024-07-20 00:02:14,1.33
AXS/USDT,2024-07-19 00:00:00,0.78,6.063,6.3,1,2024-07-20 00:02:14,3.91
HARD/USDT,2024-07-19 00:00:00,0.73,0.0973,0.0993,1,2024-07-20 00:02:14,2.06
ROSE/USDT,2024-07-19 00:00:00,0.71,0.09191,0.09417,1,2024-07-20 00:02:14,2.46
JUV/USDT,2024-07-19 00:00:00,0.74,1.872,1.89,1,2024-07-20 00:02:14,0.96
1INCH/USDT,2024-07-19 00:00:00,0.72,0.4117,0.423,1,2024-07-20 00:02:14,2.74
CAKE/USDT,2024-07-19 00:00:00,0.91,2.002,2.063,1,2024-07-20 00:02:14,3.05
TLM/USDT,2024-07-19 00:00:00,0.71,0.01298,0.01333,1,2024-07-20 00:02:14,2.7
SHIB/USDT,2024-07-19 00:00:00,0.79,1.739e-05,1.779e-05,1,2024-07-20 00:02:14,2.3
ICP/USDT,2024-07-19 00:00:00,0.79,9.674,10.149,1,2024-07-20 00:02:14,4.91
MDX/USDT,2024-07-19 00:00:00,0.71,0.04393,0.03731,0,2024-07-20 00:02:14,-15.07
ERN/USDT,2024-07-19 00:00:00,0.72,2.352,2.413,1,2024-07-20 00:02:14,2.59
KLAY/USDT,2024-07-19 00:00:00,0.75,0.1545,0.1589,1,2024-07-20 00:02:14,2.85
PHA/USDT,2024-07-19 00:00:00,0.86,0.1286,0.1347,1,2024-07-20 00:02:14,4.74
BOND/USDT,2024-07-19 00:00:00,0.73,1.694,1.481,0,2024-07-20 00:02:14,-12.57
QUICK/USDT,2024-07-19 00:00:00,0.73,0.04057,0.04206,1,2024-07-20 00:02:14,3.67
MBOX/USDT,2024-07-19 00:00:00,0.79,0.2368,0.2512,1,2024-07-20 00:02:14,6.08
FOR/USDT,2024-07-19 00:00:00,0.89,0.01413,0.01414,1,2024-07-20 00:02:14,0.07
DYDX/USDT,2024-07-19 00:00:00,0.77,1.379,1.433,1,2024-07-20 00:02:14,3.92
IDEX/USDT,2024-07-19 00:00:00,0.76,0.04274,0.04396,1,2024-07-20 00:02:14,2.85
VIDT/USDT,2024-07-19 00:00:00,0.97,0.02203,0.02307,1,2024-07-19 23:59:50,4.72
ILV/USDT,2024-07-19 00:00:00,0.79,72.81,72.32,0,2024-07-20 00:02:14,-0.67
CVP/USDT,2024-07-19 00:00:00,0.86,0.2241,0.2301,1,2024-07-20 00:02:14,2.68
ADX/USDT,2024-07-19 00:00:00,0.9,0.1791,0.185,1,2024-07-19 23:59:50,3.29
AUCTION/USDT,2024-07-19 00:00:00,0.73,15.49,16.15,1,2024-07-19 23:59:50,4.26
ENS/USDT,2024-07-19 00:00:00,0.83,26.02,26.64,1,2024-07-19 23:59:50,2.38
VGX/USDT,2024-07-19 00:00:00,0.84,0.0757,0.0772,1,2024-07-19 23:59:50,1.98
JASMY/USDT,2024-07-19 00:00:00,0.92,0.02795,0.02954,1,2024-07-19 23:59:50,5.69
SANTOS/USDT,2024-07-19 00:00:00,0.91,2.8,2.847,1,2024-07-19 23:59:50,1.68
CVX/USDT,2024-07-19 00:00:00,0.7,2.42,2.595,1,2024-07-19 23:59:50,7.23
OOKI/USDT,2024-07-19 00:00:00,0.82,0.001708,0.001733,1,2024-07-19 23:59:50,1.46
JOE/USDT,2024-07-19 00:00:00,0.72,0.3419,0.3554,1,2024-07-19 23:59:50,3.95
SCRT/USDT,2024-07-19 00:00:00,0.81,0.2794,0.2864,1,2024-07-19 23:59:50,2.51
APE/USDT,2024-07-19 00:00:00,0.8,0.806,0.829,1,2024-07-19 23:59:50,2.85
BSW/USDT,2024-07-19 00:00:00,0.75,0.0625,0.0651,1,2024-07-19 23:59:50,4.16
REI/USDT,2024-07-19 00:00:00,0.79,0.05519,0.05532,1,2024-07-19 23:59:50,0.24
LDO/USDT,2024-07-19 00:00:00,0.87,1.916,1.959,1,2024-07-19 23:59:50,2.24
LUNC/USDT,2024-07-19 00:00:00,0.93,8.771e-05,9.02e-05,1,2024-07-19 23:59:50,2.84
PROS/USDT,2024-07-19 00:00:00,0.83,0.3754,0.3938,1,2024-07-19 23:59:50,4.9
QKC/USDT,2024-07-19 00:00:00,0.73,0.007882,0.008083,1,2024-07-19 23:59:50,2.55
AST/USDT,2024-07-19 00:00:00,0.88,0.0933,0.098,1,2024-07-19 23:59:50,5.04
CREAM/USDT,2024-07-19 00:00:00,0.76,43.39,42.55,0,2024-07-19 23:59:50,-1.94
TIA/USDT,2024-07-19 00:00:00,0.78,6.195,6.412,1,2024-07-19 23:59:50,3.5
ORDI/USDT,2024-07-19 00:00:00,0.82,37.05,39.09,1,2024-07-19 23:59:50,5.51
RONIN/USDT,2024-07-19 00:00:00,0.73,2.321,2.351,1,2024-07-19 23:59:50,1.29
ETHFI/USDT,2024-07-19 00:00:00,0.9,2.301,2.424,1,2024-07-19 23:59:50,5.35
BB/USDT,2024-07-19 00:00:00,0.75,0.4847,0.4819,0,2024-07-19 23:59:50,-0.58
BNB/USDT,2024-07-19 00:00:00,0.73,571.9,593.4,1,2024-07-19 23:59:50,3.76
LTC/USDT,2024-07-19 00:00:00,0.77,71.63,73.4,1,2024-07-19 23:59:50,2.47
IOTA/USDT,2024-07-19 00:00:00,0.73,0.1704,0.1759,1,2024-07-19 23:59:50,3.23
VET/USDT,2024-07-19 00:00:00,0.91,0.03036,0.03133,1,2024-07-19 23:59:50,3.19
ONG/USDT,2024-07-19 00:00:00,0.72,0.3359,0.3464,1,2024-07-19 23:59:50,3.13
IOST/USDT,2024-07-19 00:00:00,0.8,0.00617,0.00636,1,2024-07-19 23:59:50,3.08
COS/USDT,2024-07-19 00:00:00,0.85,0.008142,0.008339,1,2024-07-19 23:59:50,2.42
CVC/USDT,2024-07-19 00:00:00,0.84,0.1059,0.1093,1,2024-07-19 23:59:50,3.21
ETHFI/USDT,2024-07-20 00:00:00,0.92,2.424,2.436,1,2024-07-21 00:01:53,0.5
W/USDT,2024-07-20 00:00:00,0.71,0.3393,0.3488,1,2024-07-21 00:01:53,2.8
TNSR/USDT,2024-07-20 00:00:00,0.87,0.5581,0.5698,1,2024-07-21 00:01:53,2.1
REZ/USDT,2024-07-20 00:00:00,0.75,0.0758,0.0738,0,2024-07-21 00:01:53,-2.64
BNB/USDT,2024-07-20 00:00:00,0.73,593.4,593.1,1,2024-07-21 00:01:53,-0.05
IOTA/USDT,2024-07-20 00:00:00,0.86,0.1759,0.1753,0,2024-07-21 00:01:53,-0.34
ONG/USDT,2024-07-20 00:00:00,0.96,0.3464,0.3484,1,2024-07-21 00:01:53,0.58
BAT/USDT,2024-07-20 00:00:00,0.74,0.2016,0.1989,0,2024-07-21 00:01:53,-1.34
IOST/USDT,2024-07-20 00:00:00,0.84,0.00636,0.00634,0,2024-07-21 00:01:53,-0.31
MATIC/USDT,2024-07-20 00:00:00,0.77,0.5332,0.5413,1,2024-07-21 00:01:53,1.52
ONE/USDT,2024-07-20 00:00:00,0.73,0.01573,0.0155,0,2024-07-21 00:01:53,-1.46
WAN/USDT,2024-07-20 00:00:00,0.84,0.2077,0.2074,1,2024-07-21 00:01:53,-0.14
CVC/USDT,2024-07-20 00:00:00,0.8,0.1093,0.1116,1,2024-07-21 00:01:53,2.1
CHZ/USDT,2024-07-20 00:00:00,0.71,0.0739,0.0738,1,2024-07-21 00:01:53,-0.14
HBAR/USDT,2024-07-20 00:00:00,0.89,0.0747,0.0746,0,2024-07-21 00:01:53,-0.13
NKN/USDT,2024-07-20 00:00:00,0.78,0.0833,0.0831,0,2024-07-21 00:01:53,-0.24
STX/USDT,2024-07-20 00:00:00,0.79,1.908,1.909,1,2024-07-21 00:01:53,0.05
VITE/USDT,2024-07-20 00:00:00,0.82,0.01606,0.0157,0,2024-07-21 00:01:53,-2.24
BNT/USDT,2024-07-20 00:00:00,0.73,0.6498,0.642,0,2024-07-21 00:01:53,-1.2
STPT/USDT,2024-07-20 00:00:00,0.89,0.04668,0.04784,1,2024-07-21 00:01:53,2.49
HIVE/USDT,2024-07-20 00:00:00,0.79,0.2256,0.2366,1,2024-07-21 00:01:53,4.88
MDT/USDT,2024-07-20 00:00:00,0.82,0.04606,0.04638,1,2024-07-21 00:01:53,0.69
KNC/USDT,2024-07-20 00:00:00,0.78,0.5687,0.5606,0,2024-07-21 00:01:53,-1.42
BEL/USDT,2024-07-20 00:00:00,0.74,0.5664,0.5651,0,2024-07-21 00:01:53,-0.23
SUN/USDT,2024-07-20 00:00:00,0.71,0.01073,0.01071,0,2024-07-21 00:01:53,-0.19
AVAX/USDT,2024-07-20 00:00:00,0.73,28.16,29.11,1,2024-07-21 00:01:53,3.37
AAVE/USDT,2024-07-20 00:00:00,0.75,100.77,99.0,0,2024-07-21 00:01:53,-1.76
AKRO/USDT,2024-07-20 00:00:00,0.77,0.005325,0.005246,0,2024-07-21 00:01:53,-1.48
PSG/USDT,2024-07-20 00:00:00,0.84,2.831,2.804,0,2024-07-21 00:01:53,-0.95
1INCH/USDT,2024-07-20 00:00:00,0.71,0.423,0.4236,1,2024-07-21 00:01:53,0.14
TRU/USDT,2024-07-20 00:00:00,0.73,0.1374,0.137,0,2024-07-21 00:01:53,-0.29
FIRO/USDT,2024-07-20 00:00:00,0.77,1.353,1.34,0,2024-07-21 00:01:53,-0.96
POND/USDT,2024-07-20 00:00:00,0.8,0.01913,0.01903,0,2024-07-21 00:01:53,-0.52
DEGO/USDT,2024-07-20 00:00:00,0.77,1.69,1.651,0,2024-07-21 00:01:53,-2.31
SUPER/USDT,2024-07-20 00:00:00,0.73,0.6689,0.7227,1,2024-07-21 00:01:53,8.04
TKO/USDT,2024-07-20 00:00:00,0.86,0.34,0.3347,0,2024-07-21 00:01:53,-1.56
TLM/USDT,2024-07-20 00:00:00,0.71,0.01333,0.01321,0,2024-07-21 00:01:53,-0.9
BAKE/USDT,2024-07-20 00:00:00,0.74,0.2935,0.2897,0,2024-07-21 00:01:53,-1.29
BURGER/USDT,2024-07-20 00:00:00,0.82,0.4281,0.43,1,2024-07-21 00:01:53,0.44
SLP/USDT,2024-07-20 00:00:00,0.74,0.00323,0.003201,0,2024-07-21 00:01:53,-0.9
GTC/USDT,2024-07-20 00:00:00,0.86,0.877,0.916,1,2024-07-21 00:01:53,4.45
DEXE/USDT,2024-07-20 00:00:00,0.71,10.735,10.613,0,2024-07-21 00:01:53,-1.14
CLV/USDT,2024-07-20 00:00:00,0.91,0.05428,0.05323,0,2024-07-21 00:01:53,-1.93
MINA/USDT,2024-07-20 00:00:00,0.79,0.562,0.5754,1,2024-07-21 00:01:53,2.38
QUICK/USDT,2024-07-20 00:00:00,0.94,0.04206,0.04215,1,2024-07-21 00:01:53,0.21
VIDT/USDT,2024-07-20 00:00:00,0.97,0.02307,0.02271,0,2024-07-21 00:01:53,-1.56
RARE/USDT,2024-07-20 00:00:00,0.75,0.0948,0.0945,0,2024-07-21 00:01:53,-0.32
ADX/USDT,2024-07-20 00:00:00,0.81,0.185,0.1832,0,2024-07-21 00:01:53,-0.97
ENS/USDT,2024-07-20 00:00:00,0.9,26.64,26.48,0,2024-07-21 00:01:53,-0.6
PORTO/USDT,2024-07-20 00:00:00,0.77,1.583,1.583,0,2024-07-21 00:01:53,0.0
PYR/USDT,2024-07-20 00:00:00,0.88,3.599,3.632,1,2024-07-21 00:01:53,0.92
SANTOS/USDT,2024-07-20 00:00:00,0.72,2.847,2.83,0,2024-07-21 00:01:53,-0.6
VOXEL/USDT,2024-07-20 00:00:00,0.78,0.1705,0.17,0,2024-07-21 00:01:53,-0.29
GLMR/USDT,2024-07-20 00:00:00,0.79,0.224,0.2247,1,2024-07-21 00:01:53,0.31
SCRT/USDT,2024-07-20 00:00:00,0.96,0.2864,0.2879,1,2024-07-21 00:01:53,0.52
KDA/USDT,2024-07-20 00:00:00,0.8,0.617,0.657,1,2024-07-21 00:01:53,6.48
REI/USDT,2024-07-20 00:00:00,0.95,0.05532,0.05451,0,2024-07-21 00:01:53,-1.46
OP/USDT,2024-07-20 00:00:00,0.72,1.956,1.926,0,2024-07-21 00:01:53,-1.53
LUNC/USDT,2024-07-20 00:00:00,0.71,9.02e-05,9.083e-05,1,2024-07-21 00:01:53,0.7
POLYX/USDT,2024-07-20 00:00:00,0.94,0.2795,0.2795,1,2024-07-21 00:01:53,0.0
APT/USDT,2024-07-20 00:00:00,0.9,7.45,7.36,0,2024-07-21 00:01:53,-1.21
PROS/USDT,2024-07-20 00:00:00,0.9,0.3938,0.3944,1,2024-07-21 00:01:53,0.15
SYN/USDT,2024-07-20 00:00:00,0.88,0.4625,0.5248,1,2024-07-21 00:01:53,13.47
QKC/USDT,2024-07-20 00:00:00,0.71,0.008083,0.008244,1,2024-07-21 00:01:53,1.99
AST/USDT,2024-07-20 00:00:00,0.88,0.098,0.0966,0,2024-07-21 00:01:53,-1.43
SNT/USDT,2024-07-20 00:00:00,0.86,0.02578,0.02577,0,2024-07-21 00:01:53,-0.04
SEI/USDT,2024-07-20 00:00:00,0.81,0.3848,0.3983,1,2024-07-21 00:01:53,3.51
CREAM/USDT,2024-07-20 00:00:00,0.71,42.55,41.56,0,2024-07-21 00:01:53,-2.33
ACE/USDT,2024-07-20 00:00:00,0.74,3.285,3.152,0,2024-07-21 00:01:53,-4.05
JUP/USDT,2024-07-20 00:00:00,0.77,1.0137,1.0355,1,2024-07-21 00:01:53,2.15
RONIN/USDT,2024-07-20 00:00:00,0.8,2.351,2.363,1,2024-07-21 00:01:53,0.51
DYM/USDT,2024-07-20 00:00:00,0.79,2.101,2.036,0,2024-07-21 00:01:53,-3.09
PORTAL/USDT,2024-07-20 00:00:00,0.87,0.454,0.4507,0,2024-07-21 00:01:53,-0.73
NEAR/USDT,2024-07-21 00:00:00,0.72,6.287,6.34,1,2024-07-22 00:01:22,0.84
CTK/USDT,2024-07-21 00:00:00,0.76,0.6837,0.6681,0,2024-07-22 00:01:22,-2.28
GRT/USDT,2024-07-21 00:00:00,0.76,0.2136,0.2191,1,2024-07-22 00:01:22,2.57
1INCH/USDT,2024-07-21 00:00:00,0.78,0.4236,0.4322,1,2024-07-22 00:01:22,2.03
ATM/USDT,2024-07-21 00:00:00,0.75,2.226,2.239,1,2024-07-22 00:01:22,0.58
RIF/USDT,2024-07-21 00:00:00,0.75,0.0932,0.0942,1,2024-07-22 00:01:22,1.07
FIRO/USDT,2024-07-21 00:00:00,0.76,1.34,1.377,1,2024-07-22 00:01:22,2.76
DODO/USDT,2024-07-21 00:00:00,0.75,0.1269,0.1308,1,2024-07-22 00:01:22,3.07
CAKE/USDT,2024-07-21 00:00:00,0.83,2.058,2.088,1,2024-07-22 00:01:22,1.46
BADGER/USDT,2024-07-21 00:00:00,0.73,3.384,3.446,1,2024-07-22 00:01:22,1.83
PERP/USDT,2024-07-21 00:00:00,0.77,0.719,0.725,1,2024-07-22 00:01:22,0.83
PUNDIX/USDT,2024-07-21 00:00:00,0.73,0.4338,0.4457,1,2024-07-22 00:01:22,2.74
BURGER/USDT,2024-07-21 00:00:00,0.72,0.43,0.4254,0,2024-07-22 00:01:22,-1.07
SLP/USDT,2024-07-21 00:00:00,0.71,0.003201,0.003278,1,2024-07-22 00:01:22,2.41
MASK/USDT,2024-07-21 00:00:00,0.75,2.479,2.498,1,2024-07-22 00:01:22,0.77
LPT/USDT,2024-07-21 00:00:00,0.74,17.103,17.129,1,2024-07-22 00:01:22,0.15
C98/USDT,2024-07-21 00:00:00,0.87,0.1725,0.1742,1,2024-07-22 00:01:22,0.99
MBOX/USDT,2024-07-21 00:00:00,0.86,0.2474,0.2504,1,2024-07-22 00:01:22,1.21
FOR/USDT,2024-07-21 00:00:00,0.82,0.01407,0.0141,1,2024-07-22 00:01:22,0.21
GHST/USDT,2024-07-21 00:00:00,0.88,1.125,1.114,0,2024-07-22 00:01:22,-0.98
XEC/USDT,2024-07-21 00:00:00,0.74,3.645e-05,3.666e-05,1,2024-07-22 00:01:22,0.58
DYDX/USDT,2024-07-21 00:00:00,0.7,1.442,1.446,1,2024-07-22 00:01:22,0.28
DF/USDT,2024-07-21 00:00:00,0.78,0.03443,0.0348,1,2024-07-22 00:01:22,1.07
CVP/USDT,2024-07-21 00:00:00,0.85,0.2274,0.2365,1,2024-07-22 00:01:22,4.0
RARE/USDT,2024-07-21 00:00:00,0.78,0.0945,0.0949,1,2024-07-22 00:01:22,0.42
ADX/USDT,2024-07-21 00:00:00,0.71,0.1832,0.1794,0,2024-07-22 00:01:22,-2.07
AUCTION/USDT,2024-07-21 00:00:00,0.78,16.65,16.41,0,2024-07-22 00:01:22,-1.44
CITY/USDT,2024-07-21 00:00:00,0.77,2.202,2.23,1,2024-07-22 00:01:22,1.27
QI/USDT,2024-07-21 00:00:00,0.88,0.01621,0.01775,1,2024-07-22 00:01:22,9.5
PYR/USDT,2024-07-21 00:00:00,0.83,3.632,3.658,1,2024-07-22 00:01:22,0.72
ALCX/USDT,2024-07-21 00:00:00,0.82,18.29,17.68,0,2024-07-22 00:01:22,-3.34
BICO/USDT,2024-07-21 00:00:00,0.74,0.3478,0.3559,1,2024-07-22 00:01:22,2.33
OOKI/USDT,2024-07-21 00:00:00,0.76,0.001755,0.001741,0,2024-07-22 00:01:22,-0.8
SPELL/USDT,2024-07-21 00:00:00,0.75,0.0006995,0.0007401,1,2024-07-22 00:01:22,5.8
SCRT/USDT,2024-07-21 00:00:00,0.7,0.2879,0.2959,1,2024-07-22 00:01:22,2.78
API3/USDT,2024-07-21 00:00:00,0.82,2.091,2.088,0,2024-07-22 00:01:22,-0.14
BTTC/USDT,2024-07-21 00:00:00,0.77,9.1e-07,9e-07,0,2024-07-22 00:01:22,-1.1
ACA/USDT,2024-07-21 00:00:00,0.75,0.0736,0.0737,1,2024-07-22 00:01:22,0.14
GMT/USDT,2024-07-21 00:00:00,0.84,0.159,0.1609,1,2024-07-22 00:01:22,1.19
REI/USDT,2024-07-21 00:00:00,0.95,0.05451,0.05517,1,2024-07-22 00:01:22,1.21
EPX/USDT,2024-07-21 00:00:00,0.72,0.000128,0.0001284,1,2024-07-22 00:01:22,0.31
POLYX/USDT,2024-07-21 00:00:00,0.72,0.2795,0.2908,1,2024-07-22 00:01:22,4.04
MAGIC/USDT,2024-07-21 00:00:00,0.89,0.5367,0.55,1,2024-07-22 00:01:22,2.48
HIFI/USDT,2024-07-21 00:00:00,0.7,0.5028,0.5223,1,2024-07-22 00:01:22,3.88
AMB/USDT,2024-07-21 00:00:00,0.83,0.00677,0.00691,1,2024-07-22 00:01:22,2.07
PROM/USDT,2024-07-21 00:00:00,0.73,7.237,7.37,1,2024-07-22 00:01:22,1.84
ARB/USDT,2024-07-21 00:00:00,0.71,0.7789,0.8026,1,2024-07-22 00:01:22,3.04
RDNT/USDT,2024-07-21 00:00:00,0.76,0.1026,0.1051,1,2024-07-22 00:01:22,2.44
SNT/USDT,2024-07-21 00:00:00,0.89,0.02577,0.02605,1,2024-07-22 00:01:22,1.09
PENDLE/USDT,2024-07-21 00:00:00,0.73,4.568,4.48,0,2024-07-22 00:01:22,-1.93
ARKM/USDT,2024-07-21 00:00:00,0.74,1.602,1.668,1,2024-07-22 00:01:22,4.12
WBETH/USDT,2024-07-21 00:00:00,0.75,3667.97,3687.54,1,2024-07-22 00:01:22,0.53
CREAM/USDT,2024-07-21 00:00:00,0.92,41.56,41.91,1,2024-07-22 00:01:22,0.84
NTRN/USDT,2024-07-21 00:00:00,0.85,0.5179,0.5274,1,2024-07-22 00:01:22,1.83
BEAMX/USDT,2024-07-21 00:00:00,0.9,0.01922,0.01953,1,2024-07-22 00:01:22,1.61
PIVX/USDT,2024-07-21 00:00:00,0.74,0.2634,0.258,0,2024-07-22 00:01:22,-2.05
JTO/USDT,2024-07-21 00:00:00,0.72,2.774,2.909,1,2024-07-22 00:01:22,4.87
ACE/USDT,2024-07-21 00:00:00,0.89,3.152,3.133,0,2024-07-22 00:01:22,-0.6
NFP/USDT,2024-07-21 00:00:00,0.72,0.3097,0.3119,1,2024-07-22 00:01:22,0.71
AI/USDT,2024-07-21 00:00:00,0.73,0.638,0.629,0,2024-07-22 00:01:22,-1.41
XAI/USDT,2024-07-21 00:00:00,0.84,0.3769,0.3787,1,2024-07-22 00:01:22,0.48
MANTA/USDT,2024-07-21 00:00:00,0.77,1.02,1.054,1,2024-07-22 00:01:22,3.33
JUP/USDT,2024-07-21 00:00:00,0.91,1.0355,1.0872,1,2024-07-22 00:01:22,4.99
RONIN/USDT,2024-07-21 00:00:00,0.84,2.363,2.363,1,2024-07-22 00:01:22,0.0
DYM/USDT,2024-07-21 00:00:00,0.89,2.036,1.957,0,2024-07-22 00:01:22,-3.88
PIXEL/USDT,2024-07-21 00:00:00,0.96,0.229,0.2328,1,2024-07-22 00:01:22,1.66
METIS/USDT,2024-07-21 00:00:00,0.73,49.85,50.02,1,2024-07-22 00:01:22,0.34
W/USDT,2024-07-21 00:00:00,0.76,0.3488,0.3544,1,2024-07-22 00:01:22,1.61
SAGA/USDT,2024-07-21 00:00:00,0.7,1.6665,1.62,0,2024-07-22 00:01:22,-2.79
REZ/USDT,2024-07-21 00:00:00,0.92,0.0738,0.0731,0,2024-07-22 00:01:22,-0.95
BB/USDT,2024-07-21 00:00:00,0.7,0.4777,0.4875,1,2024-07-22 00:01:22,2.05
NOT/USDT,2024-07-21 00:00:00,0.88,0.01621,0.01605,0,2024-07-22 00:01:22,-0.99
ETH/USDT,2024-07-21 00:00:00,0.71,3517.5,3535.92,1,2024-07-22 00:01:22,0.52
NEO/USDT,2024-07-21 00:00:00,0.85,11.79,12.03,1,2024-07-22 00:01:22,2.04
LTC/USDT,2024-07-21 00:00:00,0.81,73.03,73.98,1,2024-07-22 00:01:22,1.3
NULS/USDT,2024-07-21 00:00:00,0.78,0.3519,0.3433,0,2024-07-22 00:01:22,-2.44
ONE/USDT,2024-07-21 00:00:00,0.72,0.0155,0.01571,1,2024-07-22 00:01:22,1.35
FTM/USDT,2024-07-21 00:00:00,0.71,0.5213,0.5447,1,2024-07-22 00:01:22,4.49
COS/USDT,2024-07-21 00:00:00,0.78,0.008339,0.008399,1,2024-07-22 00:01:22,0.72
MTL/USDT,2024-07-21 00:00:00,0.9,1.154,1.161,1,2024-07-22 00:01:22,0.61
DOCK/USDT,2024-07-21 00:00:00,0.74,0.00619,0.00436,0,2024-07-22 00:01:22,-29.56
WAN/USDT,2024-07-21 00:00:00,0.93,0.2074,0.2059,0,2024-07-22 00:01:22,-0.72
FUN/USDT,2024-07-21 00:00:00,0.79,0.003929,0.003971,1,2024-07-22 00:01:22,1.07
XTZ/USDT,2024-07-21 00:00:00,0.76,0.805,0.806,1,2024-07-22 00:01:22,0.12
ARPA/USDT,2024-07-21 00:00:00,0.78,0.04457,0.04511,1,2024-07-22 00:01:22,1.21
RLC/USDT,2024-07-21 00:00:00,0.77,2.019,2.087,1,2024-07-22 00:01:22,3.37
BCH/USDT,2024-07-21 00:00:00,0.89,395.5,401.3,1,2024-07-22 00:01:22,1.47
BNT/USDT,2024-07-21 00:00:00,0.73,0.642,0.651,1,2024-07-22 00:01:22,1.4
STPT/USDT,2024-07-21 00:00:00,0.73,0.04784,0.04787,0,2024-07-22 00:01:22,0.06
SOL/USDT,2024-07-21 00:00:00,0.82,173.6,184.49,1,2024-07-22 00:01:22,6.27
HIVE/USDT,2024-07-21 00:00:00,0.77,0.2366,0.2334,0,2024-07-22 00:01:22,-1.35
MDT/USDT,2024-07-21 00:00:00,0.74,0.04638,0.0465,1,2024-07-22 00:01:22,0.26
KNC/USDT,2024-07-21 00:00:00,0.71,0.5606,0.5744,1,2024-07-22 00:01:22,2.46
COMP/USDT,2024-07-21 00:00:00,0.8,51.55,52.39,1,2024-07-22 00:01:22,1.63
BAL/USDT,2024-07-21 00:00:00,0.77,2.659,2.709,1,2024-07-22 00:01:22,1.88
KMD/USDT,2024-07-21 00:00:00,0.94,0.2985,0.3006,1,2024-07-22 00:01:22,0.7
JST/USDT,2024-07-21 00:00:00,0.73,0.03011,0.02994,0,2024-07-22 00:01:22,-0.56
CRV/USDT,2024-07-21 00:00:00,0.72,0.2929,0.2905,0,2024-07-22 00:01:22,-0.82
SUSHI/USDT,2024-07-21 00:00:00,0.71,0.745,0.759,1,2024-07-22 00:01:22,1.88
RUNE/USDT,2024-07-21 00:00:00,0.86,4.877,4.898,1,2024-07-22 00:01:22,0.43
BEL/USDT,2024-07-21 00:00:00,0.7,0.5651,0.5712,1,2024-07-22 00:01:22,1.08
UNI/USDT,2024-07-21 00:00:00,0.72,8.012,8.124,1,2024-07-22 00:01:22,1.4
ORN/USDT,2024-07-21 00:00:00,0.75,1.4881,1.5385,1,2024-07-22 00:01:22,3.39
DAR/USDT,2024-07-22 00:00:00,0.84,0.20161,0.19531,0,2024-07-23 00:01:10,-3.12
MOVR/USDT,2024-07-22 00:00:00,0.78,12.067,11.275,0,2024-07-23 00:01:10,-6.56
CITY/USDT,2024-07-22 00:00:00,0.73,2.23,2.189,0,2024-07-23 00:01:10,-1.84
PORTO/USDT,2024-07-22 00:00:00,0.75,1.562,1.506,0,2024-07-23 00:01:10,-3.59
VGX/USDT,2024-07-22 00:00:00,0.86,0.0772,0.074,0,2024-07-23 00:01:10,-4.15
JASMY/USDT,2024-07-22 00:00:00,0.8,0.03036,0.02872,0,2024-07-23 00:01:10,-5.4
PYR/USDT,2024-07-22 00:00:00,0.89,3.658,3.394,0,2024-07-23 00:01:10,-7.22
ALCX/USDT,2024-07-22 00:00:00,0.9,17.68,16.83,0,2024-07-23 00:01:10,-4.81
BICO/USDT,2024-07-22 00:00:00,0.86,0.3559,0.3243,0,2024-07-23 00:01:10,-8.88
FLUX/USDT,2024-07-22 00:00:00,0.7,0.7157,0.6938,0,2024-07-23 00:01:10,-3.06
FXS/USDT,2024-07-22 00:00:00,0.74,2.569,2.429,0,2024-07-23 00:01:10,-5.45
IMX/USDT,2024-07-22 00:00:00,0.72,1.6726,1.548,0,2024-07-23 00:01:10,-7.45
LOKA/USDT,2024-07-22 00:00:00,0.79,0.2039,0.1953,0,2024-07-23 00:01:10,-4.22
SCRT/USDT,2024-07-22 00:00:00,0.8,0.2959,0.2766,0,2024-07-23 00:01:10,-6.52
API3/USDT,2024-07-22 00:00:00,0.84,2.088,1.961,0,2024-07-23 00:01:10,-6.08
ACA/USDT,2024-07-22 00:00:00,0.81,0.0737,0.0726,0,2024-07-23 00:01:10,-1.49
XNO/USDT,2024-07-22 00:00:00,0.8,1.007,0.981,0,2024-07-23 00:01:10,-2.58
WOO/USDT,2024-07-22 00:00:00,0.76,0.2191,0.2075,0,2024-07-23 00:01:10,-5.29
ALPINE/USDT,2024-07-22 00:00:00,0.87,1.371,1.316,0,2024-07-23 00:01:10,-4.01
T/USDT,2024-07-22 00:00:00,0.73,0.02471,0.02367,0,2024-07-23 00:01:10,-4.21
GMT/USDT,2024-07-22 00:00:00,0.71,0.1609,0.1533,0,2024-07-23 00:01:10,-4.72
KDA/USDT,2024-07-22 00:00:00,0.76,0.668,0.618,0,2024-07-23 00:01:10,-7.49
BSW/USDT,2024-07-22 00:00:00,0.73,0.066,0.0637,0,2024-07-23 00:01:10,-3.48
BIFI/USDT,2024-07-22 00:00:00,0.82,342.8,329.6,0,2024-07-23 00:01:10,-3.85
STEEM/USDT,2024-07-22 00:00:00,0.79,0.2098,0.1994,0,2024-07-23 00:01:10,-4.96
STG/USDT,2024-07-22 00:00:00,0.76,0.4135,0.3914,0,2024-07-23 00:01:10,-5.34
LUNC/USDT,2024-07-22 00:00:00,0.86,9.096e-05,8.837e-05,0,2024-07-23 00:01:10,-2.85
HFT/USDT,2024-07-22 00:00:00,0.78,0.2154,0.2108,0,2024-07-23 00:01:10,-2.14
HOOK/USDT,2024-07-22 00:00:00,0.92,0.5668,0.5817,1,2024-07-23 00:01:10,2.63
MAGIC/USDT,2024-07-22 00:00:00,0.71,0.55,0.5144,0,2024-07-23 00:01:10,-6.47
PROS/USDT,2024-07-22 00:00:00,0.8,0.3983,0.378,0,2024-07-23 00:01:10,-5.1
GNS/USDT,2024-07-22 00:00:00,0.75,3.493,3.388,0,2024-07-23 00:01:10,-3.01
VIB/USDT,2024-07-22 00:00:00,0.91,0.07733,0.07333,0,2024-07-23 00:01:10,-5.17
SSV/USDT,2024-07-22 00:00:00,0.76,35.03,32.45,0,2024-07-23 00:01:10,-7.37
LQTY/USDT,2024-07-22 00:00:00,0.88,0.883,0.831,0,2024-07-23 00:01:10,-5.89
AMB/USDT,2024-07-22 00:00:00,0.8,0.00691,0.00646,0,2024-07-23 00:01:10,-6.51
USTC/USDT,2024-07-22 00:00:00,0.78,0.02044,0.01988,0,2024-07-23 00:01:10,-2.74
GLM/USDT,2024-07-22 00:00:00,0.86,0.3601,0.3458,0,2024-07-23 00:01:10,-3.97
PROM/USDT,2024-07-22 00:00:00,0.92,7.37,7.028,0,2024-07-23 00:01:10,-4.64
QKC/USDT,2024-07-22 00:00:00,0.77,0.008299,0.007883,0,2024-07-23 00:01:10,-5.01
ID/USDT,2024-07-22 00:00:00,0.87,0.4868,0.4616,0,2024-07-23 00:01:10,-5.18
OAX/USDT,2024-07-22 00:00:00,0.96,0.1768,0.1675,0,2024-07-23 00:01:10,-5.26
EDU/USDT,2024-07-22 00:00:00,0.71,0.7483,0.7004,0,2024-07-23 00:01:10,-6.4
AERGO/USDT,2024-07-22 00:00:00,0.75,0.1023,0.0977,0,2024-07-23 00:01:10,-4.5
AST/USDT,2024-07-22 00:00:00,0.86,0.0973,0.0911,0,2024-07-23 00:01:10,-6.37
COMBO/USDT,2024-07-22 00:00:00,0.8,0.5591,0.53,0,2024-07-23 00:01:10,-5.2
MAV/USDT,2024-07-22 00:00:00,0.76,0.2358,0.215,0,2024-07-23 00:01:10,-8.82
WBETH/USDT,2024-07-22 00:00:00,0.71,3687.54,3584.82,0,2024-07-23 00:01:10,-2.79
SEI/USDT,2024-07-22 00:00:00,0.76,0.3943,0.3939,0,2024-07-23 00:01:10,-0.1
CYBER/USDT,2024-07-22 00:00:00,0.86,4.802,4.474,0,2024-07-23 00:01:10,-6.83
IQ/USDT,2024-07-22 00:00:00,0.84,0.006468,0.006573,1,2024-07-23 00:01:10,1.62
PIVX/USDT,2024-07-22 00:00:00,0.89,0.258,0.2416,0,2024-07-23 00:01:10,-6.36
VIC/USDT,2024-07-22 00:00:00,0.82,0.4007,0.3842,0,2024-07-23 00:01:10,-4.12
DYM/USDT,2024-07-22 00:00:00,0.85,1.957,1.824,0,2024-07-23 00:01:10,-6.8
PIXEL/USDT,2024-07-22 00:00:00,0.81,0.2328,0.2119,0,2024-07-23 00:01:10,-8.98
METIS/USDT,2024-07-22 00:00:00,0.86,50.02,48.41,0,2024-07-23 00:01:10,-3.22
ETHFI/USDT,2024-07-22 00:00:00,0.81,2.482,2.451,0,2024-07-23 00:01:10,-1.25
NEO/USDT,2024-07-22 00:00:00,0.76,12.03,11.5,0,2024-07-23 00:01:10,-4.41
QTUM/USDT,2024-07-22 00:00:00,0.84,2.794,2.671,0,2024-07-23 00:01:10,-4.4
ADA/USDT,2024-07-22 00:00:00,0.79,0.4469,0.4262,0,2024-07-23 00:01:10,-4.63
EOS/USDT,2024-07-22 00:00:00,0.87,0.6082,0.5824,0,2024-07-23 00:01:10,-4.24
ONT/USDT,2024-07-22 00:00:00,0.85,0.2174,0.2065,0,2024-07-23 00:01:10,-5.01
ICX/USDT,2024-07-22 00:00:00,0.8,0.1668,0.1634,0,2024-07-23 00:01:10,-2.04
NULS/USDT,2024-07-22 00:00:00,0.95,0.3433,0.3305,0,2024-07-23 00:01:10,-3.73
VET/USDT,2024-07-22 00:00:00,0.95,0.03078,0.02938,0,2024-07-23 00:01:10,-4.55
LINK/USDT,2024-07-22 00:00:00,0.71,14.816,13.93,0,2024-07-23 00:01:10,-5.98
HOT/USDT,2024-07-22 00:00:00,0.71,0.001909,0.001809,0,2024-07-23 00:01:10,-5.24
ZIL/USDT,2024-07-22 00:00:00,0.84,0.0181,0.01737,0,2024-07-23 00:01:10,-4.03
ZRX/USDT,2024-07-22 00:00:00,0.81,0.3932,0.3737,0,2024-07-23 00:01:10,-4.96
CELR/USDT,2024-07-22 00:00:00,0.76,0.01534,0.0145,0,2024-07-23 00:01:10,-5.48
ATOM/USDT,2024-07-22 00:00:00,0.75,6.533,6.267,0,2024-07-23 00:01:10,-4.07
TFUEL/USDT,2024-07-22 00:00:00,0.74,0.07467,0.07115,0,2024-07-23 00:01:10,-4.71
ONE/USDT,2024-07-22 00:00:00,0.89,0.01571,0.01483,0,2024-07-23 00:01:10,-5.6
ALGO/USDT,2024-07-22 00:00:00,0.75,0.1592,0.151,0,2024-07-23 00:01:10,-5.15
ANKR/USDT,2024-07-22 00:00:00,0.78,0.03247,0.03179,0,2024-07-23 00:01:10,-2.09
DENT/USDT,2024-07-22 00:00:00,0.71,0.001033,0.000984,0,2024-07-23 00:01:10,-4.74
WAN/USDT,2024-07-22 00:00:00,0.88,0.2059,0.1965,0,2024-07-23 00:01:10,-4.57
FUN/USDT,2024-07-22 00:00:00,0.85,0.003971,0.003736,0,2024-07-23 00:01:10,-5.92
CHZ/USDT,2024-07-22 00:00:00,0.82,0.0755,0.0717,0,2024-07-23 00:01:10,-5.03
REN/USDT,2024-07-22 00:00:00,0.8,0.05459,0.04988,0,2024-07-23 00:01:10,-8.63
RVN/USDT,2024-07-22 00:00:00,0.86,0.0203,0.0195,0,2024-07-23 00:01:10,-3.94
NKN/USDT,2024-07-22 00:00:00,0.81,0.086,0.0792,0,2024-07-23 00:01:10,-7.91
STX/USDT,2024-07-22 00:00:00,0.82,1.953,1.836,0,2024-07-23 00:01:10,-5.99
KAVA/USDT,2024-07-22 00:00:00,0.87,0.4323,0.4123,0,2024-07-23 00:01:10,-4.63
IOTX/USDT,2024-07-22 00:00:00,0.71,0.05186,0.04851,0,2024-07-23 00:01:10,-6.46
TROY/USDT,2024-07-22 00:00:00,0.94,0.00183,0.001728,0,2024-07-23 00:01:10,-5.57
VITE/USDT,2024-07-22 00:00:00,0.87,0.01567,0.01489,0,2024-07-23 00:01:10,-4.98
OGN/USDT,2024-07-22 00:00:00,0.89,0.1031,0.0986,0,2024-07-23 00:01:10,-4.36
BNT/USDT,2024-07-22 00:00:00,0.8,0.651,0.6268,0,2024-07-23 00:01:10,-3.72
LTO/USDT,2024-07-22 00:00:00,0.72,0.1254,0.1202,0,2024-07-23 00:01:10,-4.15
COTI/USDT,2024-07-22 00:00:00,0.72,0.10987,0.10127,0,2024-07-23 00:01:10,-7.83
DATA/USDT,2024-07-22 00:00:00,0.86,0.04055,0.0368,0,2024-07-23 00:01:10,-9.25
HIVE/USDT,2024-07-22 00:00:00,0.84,0.2334,0.2205,0,2024-07-23 00:01:10,-5.53
LRC/USDT,2024-07-22 00:00:00,0.72,0.1718,0.1651,0,2024-07-23 00:01:10,-3.9
COMP/USDT,2024-07-22 00:00:00,0.74,52.39,50.5,0,2024-07-23 00:01:10,-3.61
SNX/USDT,2024-07-22 00:00:00,0.79,1.916,1.814,0,2024-07-23 00:01:10,-5.32
VTHO/USDT,2024-07-22 00:00:00,0.84,0.0028,0.002642,0,2024-07-23 00:01:10,-5.64
DGB/USDT,2024-07-22 00:00:00,0.83,0.00852,0.0081,0,2024-07-23 00:01:10,-4.93
DCR/USDT,2024-07-22 00:00:00,0.78,13.07,12.76,0,2024-07-23 00:01:10,-2.37
STORJ/USDT,2024-07-22 00:00:00,0.83,0.4246,0.3998,0,2024-07-23 00:01:10,-5.84
MANA/USDT,2024-07-22 00:00:00,0.74,0.3631,0.3437,0,2024-07-23 00:01:10,-5.34
KMD/USDT,2024-07-22 00:00:00,0.87,0.3006,0.2832,0,2024-07-23 00:01:10,-5.79
CRV/USDT,2024-07-22 00:00:00,0.71,0.2905,0.271,0,2024-07-23 00:01:10,-6.71
SAND/USDT,2024-07-22 00:00:00,0.82,0.3481,0.332,0,2024-07-23 00:01:10,-4.63
NMR/USDT,2024-07-22 00:00:00,0.8,15.76,14.73,0,2024-07-23 00:01:10,-6.54
LUNA/USDT,2024-07-22 00:00:00,0.78,0.4505,0.4299,0,2024-07-23 00:01:10,-4.57
SUSHI/USDT,2024-07-22 00:00:00,0.81,0.759,0.719,0,2024-07-23 00:01:10,-5.27
DIA/USDT,2024-07-22 00:00:00,0.83,0.4071,0.3845,0,2024-07-23 00:01:10,-5.55
RUNE/USDT,2024-07-22 00:00:00,0.72,4.898,4.635,0,2024-07-23 00:01:10,-5.37
FIO/USDT,2024-07-22 00:00:00,0.95,0.02556,0.02354,0,2024-07-23 00:01:10,-7.9
UMA/USDT,2024-07-22 00:00:00,0.75,2.487,2.365,0,2024-07-23 00:01:10,-4.91
BEL/USDT,2024-07-22 00:00:00,0.74,0.5712,0.5481,0,2024-07-23 00:01:10,-4.04
UNI/USDT,2024-07-22 00:00:00,0.75,8.124,7.812,0,2024-07-23 00:01:10,-3.84
UTK/USDT,2024-07-22 00:00:00,0.75,0.05723,0.05274,0,2024-07-23 00:01:10,-7.85
XVS/USDT,2024-07-22 00:00:00,0.8,7.61,7.15,0,2024-07-23 00:01:10,-6.04
ALPHA/USDT,2024-07-22 00:00:00,0.81,0.0805,0.075,0,2024-07-23 00:01:10,-6.83
CTK/USDT,2024-07-22 00:00:00,0.73,0.6681,0.8183,1,2024-07-23 00:01:10,22.48
AXS/USDT,2024-07-22 00:00:00,0.83,6.396,6.122,0,2024-07-23 00:01:10,-4.28
UNFI/USDT,2024-07-22 00:00:00,0.76,4.099,3.89,0,2024-07-23 00:01:10,-5.1
SKL/USDT,2024-07-22 00:00:00,0.9,0.05266,0.04929,0,2024-07-23 00:01:10,-6.4
JUV/USDT,2024-07-22 00:00:00,0.77,1.908,1.844,0,2024-07-23 00:01:10,-3.35
PSG/USDT,2024-07-22 00:00:00,0.71,2.824,2.752,0,2024-07-23 00:01:10,-2.55
1INCH/USDT,2024-07-22 00:00:00,0.83,0.4322,0.4175,0,2024-07-23 00:01:10,-3.4
REEF/USDT,2024-07-22 00:00:00,0.81,0.001615,0.001477,0,2024-07-23 00:01:10,-8.54
OG/USDT,2024-07-22 00:00:00,0.79,3.365,3.213,0,2024-07-23 00:01:10,-4.52
ATM/USDT,2024-07-22 00:00:00,0.78,2.239,2.19,0,2024-07-23 00:01:10,-2.19
CELO/USDT,2024-07-22 00:00:00,0.94,0.6087,0.5862,0,2024-07-23 00:01:10,-3.7
RIF/USDT,2024-07-22 00:00:00,0.87,0.0942,0.0865,0,2024-07-23 00:01:10,-8.17
CKB/USDT,2024-07-22 00:00:00,0.75,0.012649,0.012024,0,2024-07-23 00:01:10,-4.94
TWT/USDT,2024-07-22 00:00:00,0.72,1.0672,1.0242,0,2024-07-23 00:01:10,-4.03
LIT/USDT,2024-07-22 00:00:00,0.84,0.81,0.74,0,2024-07-23 00:01:10,-8.64
DODO/USDT,2024-07-22 00:00:00,0.86,0.1308,0.1228,0,2024-07-23 00:01:10,-6.12
BADGER/USDT,2024-07-22 00:00:00,0.82,3.446,3.27,0,2024-07-23 00:01:10,-5.11
DEGO/USDT,2024-07-22 00:00:00,0.84,1.675,1.572,0,2024-07-23 00:01:10,-6.15
ALICE/USDT,2024-07-22 00:00:00,0.87,1.278,1.2,0,2024-07-23 00:01:10,-6.1
LINA/USDT,2024-07-22 00:00:00,0.85,0.006184,0.005784,0,2024-07-23 00:01:10,-6.47
PERP/USDT,2024-07-22 00:00:00,0.88,0.725,0.6663,0,2024-07-23 00:01:10,-8.1
SUPER/USDT,2024-07-22 00:00:00,0.82,0.7015,0.6633,0,2024-07-23 00:01:10,-5.45
CFX/USDT,2024-07-22 00:00:00,0.71,0.1724,0.1666,0,2024-07-23 00:01:10,-3.36
TKO/USDT,2024-07-22 00:00:00,0.77,0.331,0.3094,0,2024-07-23 00:01:10,-6.53
TLM/USDT,2024-07-22 00:00:00,0.84,0.01333,0.01242,0,2024-07-23 00:01:10,-6.83
FORTH/USDT,2024-07-22 00:00:00,0.86,3.487,3.344,0,2024-07-23 00:01:10,-4.1
BURGER/USDT,2024-07-22 00:00:00,0.86,0.4254,0.4105,0,2024-07-23 00:01:10,-3.5
SLP/USDT,2024-07-22 00:00:00,0.7,0.003278,0.003105,0,2024-07-23 00:01:10,-5.28
MASK/USDT,2024-07-22 00:00:00,0.86,2.498,2.406,0,2024-07-23 00:01:10,-3.68
LPT/USDT,2024-07-22 00:00:00,0.79,17.129,15.883,0,2024-07-23 00:01:10,-7.27
XVG/USDT,2024-07-22 00:00:00,0.9,0.004695,0.004462,0,2024-07-23 00:01:10,-4.96
ATA/USDT,2024-07-22 00:00:00,0.86,0.1063,0.1014,0,2024-07-23 00:01:10,-4.61
GTC/USDT,2024-07-22 00:00:00,0.72,0.925,0.858,0,2024-07-23 00:01:10,-7.24
KLAY/USDT,2024-07-22 00:00:00,0.89,0.1574,0.1431,0,2024-07-23 00:01:10,-9.09
C98/USDT,2024-07-22 00:00:00,0.82,0.1742,0.1659,0,2024-07-23 00:01:10,-4.76
CLV/USDT,2024-07-22 00:00:00,0.79,0.05418,0.05192,0,2024-07-23 00:01:10,-4.17
QNT/USDT,2024-07-22 00:00:00,0.8,76.1,73.5,0,2024-07-23 00:01:10,-3.42
FLOW/USDT,2024-07-22 00:00:00,0.79,0.653,0.627,0,2024-07-23 00:01:10,-3.98
MINA/USDT,2024-07-22 00:00:00,0.75,0.5779,0.5602,0,2024-07-23 00:01:10,-3.06
FARM/USDT,2024-07-22 00:00:00,0.82,50.16,47.67,0,2024-07-23 00:01:10,-4.96
ALPACA/USDT,2024-07-22 00:00:00,0.9,0.1329,0.1262,0,2024-07-23 00:01:10,-5.04
QUICK/USDT,2024-07-22 00:00:00,0.74,0.04274,0.04116,0,2024-07-23 00:01:10,-3.7
FOR/USDT,2024-07-22 00:00:00,0.77,0.0141,0.0133,0,2024-07-23 00:01:10,-5.67
REQ/USDT,2024-07-22 00:00:00,0.89,0.116,0.1106,0,2024-07-23 00:01:10,-4.66
GHST/USDT,2024-07-22 00:00:00,0.85,1.114,1.057,0,2024-07-23 00:01:10,-5.12
XEC/USDT,2024-07-22 00:00:00,0.78,3.666e-05,3.519e-05,0,2024-07-23 00:01:10,-4.01
IDEX/USDT,2024-07-22 00:00:00,0.86,0.04412,0.04217,0,2024-07-23 00:01:10,-4.42
VIDT/USDT,2024-07-22 00:00:00,0.92,0.02286,0.02119,0,2024-07-23 00:01:10,-7.31
ILV/USDT,2024-07-22 00:00:00,0.74,75.23,70.67,0,2024-07-23 00:01:10,-6.06
SYS/USDT,2024-07-22 00:00:00,0.79,0.1145,0.1072,0,2024-07-23 00:01:10,-6.38
AGLD/USDT,2024-07-22 00:00:00,0.83,1.023,0.963,0,2024-07-23 00:01:10,-5.87
LAZIO/USDT,2024-07-22 00:00:00,0.94,1.497,1.441,0,2024-07-23 00:01:10,-3.74
CHESS/USDT,2024-07-22 00:00:00,0.9,0.1437,0.1369,0,2024-07-23 00:01:10,-4.73
AUCTION/USDT,2024-07-22 00:00:00,0.89,16.41,15.7,0,2024-07-23 00:01:10,-4.33
WLD/USDT,2024-07-23 00:00:00,0.71,2.27,2.178,0,2024-07-24 00:01:28,-4.05
NTRN/USDT,2024-07-23 00:00:00,0.9,0.5012,0.4713,0,2024-07-24 00:01:28,-5.97
ALT/USDT,2024-07-23 00:00:00,0.87,0.143,0.1466,1,2024-07-24 00:01:28,2.52
ENA/USDT,2024-07-23 00:00:00,0.7,0.434,0.457,1,2024-07-24 00:01:28,5.3
IO/USDT,2024-07-23 00:00:00,0.7,2.736,2.677,0,2024-07-24 00:01:28,-2.16
LTC/USDT,2024-07-23 00:00:00,0.77,71.26,72.92,1,2024-07-24 00:01:28,2.33
ADA/USDT,2024-07-23 00:00:00,0.74,0.4262,0.41,0,2024-07-24 00:01:28,-3.8
CELR/USDT,2024-07-23 00:00:00,0.8,0.0145,0.01379,0,2024-07-24 00:01:28,-4.9
ATOM/USDT,2024-07-23 00:00:00,0.78,6.267,6.173,0,2024-07-24 00:01:28,-1.5
CVC/USDT,2024-07-23 00:00:00,0.9,0.1052,0.101,0,2024-07-24 00:01:28,-3.99
HBAR/USDT,2024-07-23 00:00:00,0.7,0.0707,0.0682,0,2024-07-24 00:01:28,-3.54
BCH/USDT,2024-07-23 00:00:00,0.76,385.9,366.5,0,2024-07-24 00:01:28,-5.03
WRX/USDT,2024-07-23 00:00:00,0.72,0.1265,0.1232,0,2024-07-24 00:01:28,-2.61
STPT/USDT,2024-07-23 00:00:00,0.83,0.04586,0.04532,0,2024-07-24 00:01:28,-1.18
KNC/USDT,2024-07-23 00:00:00,0.86,0.5423,0.5317,0,2024-07-24 00:01:28,-1.95
COMP/USDT,2024-07-23 00:00:00,0.78,50.5,49.93,0,2024-07-24 00:01:28,-1.13
BAL/USDT,2024-07-23 00:00:00,0.84,2.608,2.728,1,2024-07-24 00:01:28,4.6
BLZ/USDT,2024-07-23 00:00:00,0.86,0.1756,0.1711,0,2024-07-24 00:01:28,-2.56
IRIS/USDT,2024-07-23 00:00:00,0.72,0.01369,0.01308,0,2024-07-24 00:01:28,-4.46
KMD/USDT,2024-07-23 00:00:00,0.79,0.2832,0.2771,0,2024-07-24 00:01:28,-2.15
TRB/USDT,2024-07-23 00:00:00,0.71,73.57,73.91,1,2024-07-24 00:01:28,0.46
EGLD/USDT,2024-07-23 00:00:00,0.81,35.83,34.2,0,2024-07-24 00:01:28,-4.55
SUN/USDT,2024-07-23 00:00:00,0.72,0.01058,0.01058,0,2024-07-24 00:01:28,0.0
AVA/USDT,2024-07-23 00:00:00,0.73,0.629,0.6166,0,2024-07-24 00:01:28,-1.97
TWT/USDT,2024-07-23 00:00:00,0.8,1.0242,1.0037,0,2024-07-24 00:01:28,-2.0
CAKE/USDT,2024-07-23 00:00:00,0.72,2.027,1.98,0,2024-07-24 00:01:28,-2.32
ACM/USDT,2024-07-23 00:00:00,0.78,1.661,1.607,0,2024-07-24 00:01:28,-3.25
GNO/USDT,2024-07-23 00:00:00,0.84,244.6,240.7,0,2024-07-24 00:01:28,-1.59
FRONT/USDT,2024-07-23 00:00:00,0.73,0.899,0.881,0,2024-07-24 00:01:28,-2.0
OOKI/USDT,2024-07-23 00:00:00,0.79,0.001656,0.001556,0,2024-07-24 00:01:28,-6.04
GMT/USDT,2024-07-23 00:00:00,0.75,0.1533,0.147,0,2024-07-24 00:01:28,-4.11
SSV/USDT,2024-07-23 00:00:00,0.77,32.45,33.5,1,2024-07-24 00:01:28,3.24
HIGH/USDT,2024-07-24 00:00:00,0.96,1.689,1.697,1,2024-07-25 00:01:55,0.47
SPELL/USDT,2024-07-24 00:00:00,0.74,0.0006566,0.0006451,0,2024-07-25 00:01:55,-1.75
GLMR/USDT,2024-07-24 00:00:00,0.86,0.2037,0.1947,0,2024-07-25 00:01:55,-4.42
ALPINE/USDT,2024-07-24 00:00:00,0.7,1.292,1.263,0,2024-07-25 00:01:55,-2.24
T/USDT,2024-07-24 00:00:00,0.74,0.02303,0.02274,0,2024-07-25 00:01:55,-1.26
ASTR/USDT,2024-07-24 00:00:00,0.85,0.0731,0.072,0,2024-07-25 00:01:55,-1.5
BIFI/USDT,2024-07-24 00:00:00,0.81,326.0,301.1,0,2024-07-25 00:01:55,-7.64
NEXO/USDT,2024-07-24 00:00:00,0.93,1.222,1.193,0,2024-07-25 00:01:55,-2.37
LEVER/USDT,2024-07-24 00:00:00,0.96,0.002221,0.002192,0,2024-07-25 00:01:55,-1.31
STG/USDT,2024-07-24 00:00:00,0.86,0.376,0.3703,0,2024-07-25 00:01:55,-1.52
MAGIC/USDT,2024-07-24 00:00:00,0.75,0.4973,0.4726,0,2024-07-25 00:01:55,-4.97
RPL/USDT,2024-07-24 00:00:00,0.84,16.75,16.16,0,2024-07-25 00:01:55,-3.52
AMB/USDT,2024-07-24 00:00:00,0.9,0.00598,0.0058,0,2024-07-25 00:01:55,-3.01
QKC/USDT,2024-07-24 00:00:00,0.82,0.007803,0.007795,1,2024-07-25 00:01:55,-0.1
RDNT/USDT,2024-07-24 00:00:00,0.93,0.0992,0.0963,0,2024-07-25 00:01:55,-2.92
WBTC/USDT,2024-07-24 00:00:00,0.8,65993.81,65370.66,0,2024-07-25 00:01:55,-0.94
ARKM/USDT,2024-07-24 00:00:00,0.79,1.435,1.367,0,2024-07-25 00:01:55,-4.74
WBETH/USDT,2024-07-24 00:00:00,0.81,3634.34,3479.5,0,2024-07-25 00:01:55,-4.26
VANRY/USDT,2024-07-24 00:00:00,0.85,0.1264,0.1222,0,2024-07-25 00:01:55,-3.32
NFP/USDT,2024-07-24 00:00:00,0.78,0.2811,0.2791,0,2024-07-25 00:01:55,-0.71
PIXEL/USDT,2024-07-24 00:00:00,0.71,0.2034,0.1941,0,2024-07-25 00:01:55,-4.57
PDA/USDT,2024-07-24 00:00:00,0.78,0.0665,0.062,0,2024-07-25 00:01:55,-6.77
AXL/USDT,2024-07-24 00:00:00,0.77,0.6687,0.6542,0,2024-07-25 00:01:55,-2.17
AEVO/USDT,2024-07-24 00:00:00,0.7,0.538,0.498,0,2024-07-25 00:01:55,-7.43
W/USDT,2024-07-24 00:00:00,0.74,0.313,0.2969,0,2024-07-25 00:01:55,-5.14
OMNI/USDT,2024-07-24 00:00:00,0.88,12.49,11.99,0,2024-07-25 00:01:55,-4.0
BTC/USDT,2024-07-24 00:00:00,0.76,65936.01,65376.0,0,2024-07-25 00:01:55,-0.85
ETH/USDT,2024-07-24 00:00:00,0.81,3482.51,3335.81,0,2024-07-25 00:01:55,-4.21
BNB/USDT,2024-07-24 00:00:00,0.82,581.9,574.9,0,2024-07-25 00:01:55,-1.2
XLM/USDT,2024-07-24 00:00:00,0.77,0.101,0.103,1,2024-07-25 00:01:55,1.98
VET/USDT,2024-07-24 00:00:00,0.82,0.0288,0.02769,0,2024-07-25 00:01:55,-3.85
LINK/USDT,2024-07-24 00:00:00,0.73,13.91,13.4,0,2024-07-25 00:01:55,-3.67
CELR/USDT,2024-07-24 00:00:00,0.84,0.01379,0.01355,0,2024-07-25 00:01:55,-1.74
ENJ/USDT,2024-07-24 00:00:00,0.82,0.1825,0.1818,0,2024-07-25 00:01:55,-0.38
ALGO/USDT,2024-07-24 00:00:00,0.87,0.1435,0.1397,0,2024-07-25 00:01:55,-2.65
WIN/USDT,2024-07-24 00:00:00,0.83,8.79e-05,8.72e-05,0,2024-07-25 00:01:55,-0.8
KEY/USDT,2024-07-24 00:00:00,0.96,0.005119,0.005065,0,2024-07-25 00:01:55,-1.05
BAND/USDT,2024-07-24 00:00:00,0.9,1.337,1.359,1,2024-07-25 00:01:55,1.65
XTZ/USDT,2024-07-24 00:00:00,0.89,0.76,0.744,0,2024-07-25 00:01:55,-2.11
RVN/USDT,2024-07-24 00:00:00,0.79,0.01927,0.01867,0,2024-07-25 00:01:55,-3.11
BCH/USDT,2024-07-24 00:00:00,0.78,366.5,362.4,0,2024-07-25 00:01:55,-1.12
TROY/USDT,2024-07-24 00:00:00,0.75,0.001629,0.001582,0,2024-07-25 00:01:55,-2.89
BNT/USDT,2024-07-24 00:00:00,0.75,0.6246,0.5997,0,2024-07-25 00:01:55,-3.99
SOL/USDT,2024-07-24 00:00:00,0.87,173.03,178.06,1,2024-07-25 00:01:55,2.91
CHR/USDT,2024-07-24 00:00:00,0.8,0.2269,0.2289,1,2024-07-25 00:01:55,0.88
KNC/USDT,2024-07-24 00:00:00,0.79,0.5317,0.5328,0,2024-07-25 00:01:55,0.21
LRC/USDT,2024-07-24 00:00:00,0.78,0.1581,0.1537,0,2024-07-25 00:01:55,-2.78
DGB/USDT,2024-07-24 00:00:00,0.81,0.00749,0.00726,0,2024-07-25 00:01:55,-3.07
SXP/USDT,2024-07-24 00:00:00,0.82,0.2543,0.2464,0,2024-07-25 00:01:55,-3.11
IRIS/USDT,2024-07-24 00:00:00,0.75,0.01308,0.01277,0,2024-07-25 00:01:55,-2.37
RSR/USDT,2024-07-24 00:00:00,0.84,0.005317,0.005228,0,2024-07-25 00:01:55,-1.67
KSM/USDT,2024-07-24 00:00:00,0.79,21.13,20.82,0,2024-07-25 00:01:55,-1.47
WING/USDT,2024-07-24 00:00:00,0.77,4.89,4.7,0,2024-07-25 00:01:55,-3.89
AVAX/USDT,2024-07-24 00:00:00,0.71,29.82,28.38,0,2024-07-25 00:01:55,-4.83
AAVE/USDT,2024-07-24 00:00:00,0.76,94.45,89.94,0,2024-07-25 00:01:55,-4.78
NEAR/USDT,2024-07-24 00:00:00,0.77,5.763,5.62,0,2024-07-25 00:01:55,-2.48
INJ/USDT,2024-07-24 00:00:00,0.72,24.07,23.91,0,2024-07-25 00:01:55,-0.66
AKRO/USDT,2024-07-24 00:00:00,0.76,0.005255,0.00504,0,2024-07-25 00:01:55,-4.09
UNFI/USDT,2024-07-24 00:00:00,0.84,3.852,3.815,0,2024-07-25 00:01:55,-0.96
JUV/USDT,2024-07-24 00:00:00,0.77,1.79,1.77,0,2024-07-25 00:01:55,-1.12
PSG/USDT,2024-07-24 00:00:00,0.74,2.691,2.686,0,2024-07-25 00:01:55,-0.19
1INCH/USDT,2024-07-24 00:00:00,0.76,0.3987,0.3782,0,2024-07-25 00:01:55,-5.14
ASR/USDT,2024-07-24 00:00:00,0.72,2.276,2.239,0,2024-07-25 00:01:55,-1.63
TRU/USDT,2024-07-24 00:00:00,0.76,0.1191,0.123,1,2024-07-25 00:01:55,3.27
LIT/USDT,2024-07-24 00:00:00,0.74,0.718,0.705,0,2024-07-25 00:01:55,-1.81
SFP/USDT,2024-07-24 00:00:00,0.7,0.8306,0.8005,0,2024-07-25 00:01:55,-3.62
CAKE/USDT,2024-07-24 00:00:00,0.78,1.98,1.95,0,2024-07-25 00:01:55,-1.52
FIS/USDT,2024-07-24 00:00:00,0.83,0.3641,0.3466,0,2024-07-25 00:01:55,-4.81
OM/USDT,2024-07-24 00:00:00,0.8,1.2595,1.2202,0,2024-07-25 00:01:55,-3.12
POND/USDT,2024-07-24 00:00:00,0.71,0.01821,0.0164,0,2024-07-25 00:01:55,-9.94
BAR/USDT,2024-07-24 00:00:00,0.75,1.908,1.874,0,2024-07-25 00:01:55,-1.78
BAKE/USDT,2024-07-24 00:00:00,0.8,0.2561,0.2556,0,2024-07-25 00:01:55,-0.2
QNT/USDT,2024-07-24 00:00:00,0.72,72.8,71.2,0,2024-07-25 00:01:55,-2.2
MINA/USDT,2024-07-24 00:00:00,0.8,0.5203,0.5104,0,2024-07-25 00:01:55,-1.9
MBOX/USDT,2024-07-24 00:00:00,0.72,0.2346,0.2221,0,2024-07-25 00:01:55,-5.33
FOR/USDT,2024-07-24 00:00:00,0.87,0.01331,0.01282,0,2024-07-25 00:01:55,-3.68
WAXP/USDT,2024-07-24 00:00:00,0.78,0.0394,0.03849,0,2024-07-25 00:01:55,-2.31
GNO/USDT,2024-07-24 00:00:00,0.86,240.7,230.6,0,2024-07-25 00:01:55,-4.2
XEC/USDT,2024-07-24 00:00:00,0.71,3.391e-05,3.378e-05,0,2024-07-25 00:01:55,-0.38
ELF/USDT,2024-07-24 00:00:00,0.89,0.3921,0.3941,1,2024-07-25 00:01:55,0.51
DYDX/USDT,2024-07-24 00:00:00,0.9,1.295,1.295,0,2024-07-25 00:01:55,0.0
GALA/USDT,2024-07-24 00:00:00,0.84,0.02376,0.0235,0,2024-07-25 00:01:55,-1.09
YGG/USDT,2024-07-24 00:00:00,0.94,0.4751,0.463,0,2024-07-25 00:01:55,-2.55
RARE/USDT,2024-07-24 00:00:00,0.91,0.0843,0.0832,0,2024-07-25 00:01:55,-1.3
KP3R/USDT,2024-07-24 00:00:00,0.94,55.69,53.45,0,2024-07-25 00:01:55,-4.02
AMP/USDT,2024-07-24 00:00:00,0.75,0.00436,0.004158,0,2024-07-25 00:01:55,-4.63
ALCX/USDT,2024-07-24 00:00:00,0.77,16.37,15.95,0,2024-07-25 00:01:55,-2.57
RDNT/USDT,2024-07-25 00:00:00,0.88,0.0963,0.091,0,2024-07-26 00:00:40,-5.5
PENDLE/USDT,2024-07-25 00:00:00,0.99,3.768,3.697,0,2024-07-26 00:00:40,-1.88
NTRN/USDT,2024-07-25 00:00:00,0.78,0.4507,0.455,1,2024-07-26 00:00:40,0.95
MEME/USDT,2024-07-25 00:00:00,0.7,0.01527,0.01482,0,2024-07-26 00:00:40,-2.95
PIVX/USDT,2024-07-25 00:00:00,0.71,0.2221,0.2312,1,2024-07-26 00:00:40,4.1
NFP/USDT,2024-07-25 00:00:00,0.76,0.2791,0.2725,0,2024-07-26 00:00:40,-2.36
XAI/USDT,2024-07-25 00:00:00,0.72,0.3326,0.3226,0,2024-07-26 00:00:40,-3.01
PORTAL/USDT,2024-07-25 00:00:00,0.75,0.376,0.3622,0,2024-07-26 00:00:40,-3.67
PDA/USDT,2024-07-25 00:00:00,0.83,0.062,0.0631,1,2024-07-26 00:00:40,1.77
AEVO/USDT,2024-07-25 00:00:00,0.82,0.498,0.464,0,2024-07-26 00:00:40,-6.83
FET/USDT,2024-07-25 00:00:00,0.79,1.214,1.198,0,2024-07-26 00:00:40,-1.32
ATOM/USDT,2024-07-25 00:00:00,0.74,6.026,5.925,0,2024-07-26 00:00:40,-1.68
MBL/USDT,2024-07-25 00:00:00,0.83,0.002662,0.002571,0,2024-07-26 00:00:40,-3.42
BAL/USDT,2024-07-25 00:00:00,0.79,2.636,2.471,0,2024-07-26 00:00:40,-6.26
AAVE/USDT,2024-07-25 00:00:00,0.82,89.94,92.78,1,2024-07-26 00:00:40,3.16
INJ/USDT,2024-07-25 00:00:00,0.71,23.91,23.83,0,2024-07-26 00:00:40,-0.33
1INCH/USDT,2024-07-25 00:00:00,0.72,0.3782,0.3608,0,2024-07-26 00:00:40,-4.6
MLN/USDT,2024-07-25 00:00:00,0.78,18.36,18.52,1,2024-07-26 00:00:40,0.87
YGG/USDT,2024-07-25 00:00:00,0.94,0.463,0.447,0,2024-07-26 00:00:40,-3.46
ADX/USDT,2024-07-25 00:00:00,0.83,0.1611,0.1672,1,2024-07-26 00:00:40,3.79
VGX/USDT,2024-07-25 00:00:00,0.73,0.0691,0.0716,1,2024-07-26 00:00:40,3.62
ALCX/USDT,2024-07-25 00:00:00,0.75,15.95,16.05,1,2024-07-26 00:00:40,0.63
LDO/USDT,2024-07-25 00:00:00,0.86,1.627,1.522,0,2024-07-26 00:00:40,-6.45
OP/USDT,2024-07-25 00:00:00,0.71,1.735,1.694,0,2024-07-26 00:00:40,-2.36
RPL/USDT,2024-07-25 00:00:00,0.81,16.16,15.77,0,2024-07-26 00:00:40,-2.41
RIF/USDT,2024-07-26 00:00:00,0.8,0.0795,0.0886,1,2024-07-27 00:00:51,11.45
LIT/USDT,2024-07-26 00:00:00,0.81,0.699,0.736,1,2024-07-27 00:00:51,5.29
TKO/USDT,2024-07-26 00:00:00,0.81,0.3015,0.3161,1,2024-07-27 00:00:51,4.84
PUNDIX/USDT,2024-07-26 00:00:00,0.71,0.3995,0.4403,1,2024-07-27 00:00:51,10.21
KLAY/USDT,2024-07-26 00:00:00,0.71,0.1388,0.1439,1,2024-07-27 00:00:51,3.67
PHA/USDT,2024-07-26 00:00:00,0.74,0.1217,0.1297,1,2024-07-27 00:00:51,6.57
RAY/USDT,2024-07-26 00:00:00,0.78,2.189,2.412,1,2024-07-27 00:00:51,10.19
XEC/USDT,2024-07-26 00:00:00,0.79,3.345e-05,3.512e-05,1,2024-07-27 00:00:51,4.99
DYDX/USDT,2024-07-26 00:00:00,0.89,1.228,1.305,1,2024-07-27 00:00:51,6.27
IDEX/USDT,2024-07-26 00:00:00,0.79,0.03935,0.04083,1,2024-07-27 00:00:51,3.76
YGG/USDT,2024-07-26 00:00:00,0.72,0.447,0.4781,1,2024-07-27 00:00:51,6.96
SYS/USDT,2024-07-26 00:00:00,0.79,0.102,0.106,1,2024-07-27 00:00:51,3.92
FIDA/USDT,2024-07-26 00:00:00,0.73,0.252,0.2641,1,2024-07-27 00:00:51,4.8
FRONT/USDT,2024-07-26 00:00:00,0.72,0.821,0.871,1,2024-07-27 00:00:51,6.09
AGLD/USDT,2024-07-26 00:00:00,0.94,0.914,0.971,1,2024-07-27 00:00:51,6.24
ADX/USDT,2024-07-26 00:00:00,0.88,0.1672,0.1658,0,2024-07-27 00:00:51,-0.84
ENS/USDT,2024-07-26 00:00:00,0.76,26.44,27.02,1,2024-07-27 00:00:51,2.19
PYR/USDT,2024-07-26 00:00:00,0.94,3.164,3.317,1,2024-07-27 00:00:51,4.84
BICO/USDT,2024-07-26 00:00:00,0.72,0.2859,0.3079,1,2024-07-27 00:00:51,7.69
FXS/USDT,2024-07-26 00:00:00,0.76,2.153,2.292,1,2024-07-27 00:00:51,6.46
HIGH/USDT,2024-07-26 00:00:00,0.81,1.602,1.674,1,2024-07-27 00:00:51,4.49
GLMR/USDT,2024-07-26 00:00:00,0.8,0.1965,0.2033,1,2024-07-27 00:00:51,3.46
SCRT/USDT,2024-07-26 00:00:00,0.85,0.2695,0.2786,1,2024-07-27 00:00:51,3.38
XNO/USDT,2024-07-26 00:00:00,0.75,0.894,0.906,1,2024-07-27 00:00:51,1.34
NEXO/USDT,2024-07-26 00:00:00,0.71,1.178,1.213,1,2024-07-27 00:00:51,2.97
REI/USDT,2024-07-26 00:00:00,0.72,0.04991,0.05181,1,2024-07-27 00:00:51,3.81
LDO/USDT,2024-07-26 00:00:00,0.96,1.522,1.573,1,2024-07-27 00:00:51,3.35
LEVER/USDT,2024-07-26 00:00:00,0.79,0.002194,0.002297,1,2024-07-27 00:00:51,4.69
OSMO/USDT,2024-07-26 00:00:00,0.91,0.4721,0.4867,1,2024-07-27 00:00:51,3.09
PHB/USDT,2024-07-26 00:00:00,0.71,1.604,1.664,1,2024-07-27 00:00:51,3.74
RPL/USDT,2024-07-26 00:00:00,0.76,15.77,16.37,1,2024-07-27 00:00:51,3.8
PROS/USDT,2024-07-26 00:00:00,0.82,0.3642,0.3832,1,2024-07-27 00:00:51,5.22
GLM/USDT,2024-07-26 00:00:00,0.72,0.324,0.3472,1,2024-07-27 00:00:51,7.16
PEPE/USDT,2024-07-26 00:00:00,0.81,1.148e-05,1.202e-05,1,2024-07-27 00:00:51,4.7
AST/USDT,2024-07-26 00:00:00,0.8,0.0873,0.0915,1,2024-07-27 00:00:51,4.81
ARKM/USDT,2024-07-26 00:00:00,0.73,1.363,1.458,1,2024-07-27 00:00:51,6.97
CYBER/USDT,2024-07-26 00:00:00,0.81,4.053,4.351,1,2024-07-27 00:00:51,7.35
NTRN/USDT,2024-07-26 00:00:00,0.82,0.455,0.4751,1,2024-07-27 00:00:51,4.42
TIA/USDT,2024-07-26 00:00:00,0.75,5.714,5.992,1,2024-07-27 00:00:51,4.87
MEME/USDT,2024-07-26 00:00:00,0.9,0.01482,0.01547,1,2024-07-27 00:00:51,4.39
ACE/USDT,2024-07-26 00:00:00,0.83,2.718,3.123,1,2024-07-27 00:00:51,14.9
AI/USDT,2024-07-26 00:00:00,0.89,0.528,0.544,1,2024-07-27 00:00:51,3.03
XAI/USDT,2024-07-26 00:00:00,0.78,0.3226,0.3411,1,2024-07-27 00:00:51,5.73
MANTA/USDT,2024-07-26 00:00:00,0.8,0.906,0.972,1,2024-07-27 00:00:51,7.28
PIXEL/USDT,2024-07-26 00:00:00,0.78,0.1875,0.2006,1,2024-07-27 00:00:51,6.99
STRK/USDT,2024-07-26 00:00:00,0.7,0.513,0.538,1,2024-07-27 00:00:51,4.87
PORTAL/USDT,2024-07-26 00:00:00,0.76,0.3622,0.3861,1,2024-07-27 00:00:51,6.6
WIF/USDT,2024-07-26 00:00:00,0.77,2.515,2.667,1,2024-07-27 00:00:51,6.04
AEVO/USDT,2024-07-26 00:00:00,0.74,0.464,0.521,1,2024-07-27 00:00:51,12.28
ETHFI/USDT,2024-07-26 00:00:00,0.94,2.049,2.194,1,2024-07-27 00:00:51,7.08
W/USDT,2024-07-26 00:00:00,0.71,0.2794,0.2903,1,2024-07-27 00:00:51,3.9
TNSR/USDT,2024-07-26 00:00:00,0.87,0.4593,0.4991,1,2024-07-27 00:00:51,8.67
REZ/USDT,2024-07-26 00:00:00,0.87,0.0605,0.0644,1,2024-07-27 00:00:51,6.45
BB/USDT,2024-07-26 00:00:00,0.94,0.3833,0.4124,1,2024-07-27 00:00:51,7.59
NOT/USDT,2024-07-26 00:00:00,0.91,0.01363,0.01432,1,2024-07-27 00:00:51,5.06
IO/USDT,2024-07-26 00:00:00,0.77,2.66,2.989,1,2024-07-27 00:00:51,12.37
LTC/USDT,2024-07-26 00:00:00,0.77,68.79,71.31,1,2024-07-27 00:00:51,3.66
EOS/USDT,2024-07-26 00:00:00,0.71,0.5571,0.5786,1,2024-07-27 00:00:51,3.86
IOTA/USDT,2024-07-26 00:00:00,0.71,0.1584,0.165,1,2024-07-27 00:00:51,4.17
LINK/USDT,2024-07-26 00:00:00,0.71,12.94,13.53,1,2024-07-27 00:00:51,4.56
ONG/USDT,2024-07-26 00:00:00,0.77,0.3267,0.3428,1,2024-07-27 00:00:51,4.93
CELR/USDT,2024-07-26 00:00:00,0.79,0.01318,0.01367,1,2024-07-27 00:00:51,3.72
MATIC/USDT,2024-07-26 00:00:00,0.73,0.4973,0.5147,1,2024-07-27 00:00:51,3.5
ATOM/USDT,2024-07-26 00:00:00,0.78,5.925,6.168,1,2024-07-27 00:00:51,4.1
TFUEL/USDT,2024-07-26 00:00:00,0.73,0.06628,0.06899,1,2024-07-27 00:00:51,4.09
FTM/USDT,2024-07-26 00:00:00,0.8,0.4344,0.462,1,2024-07-27 00:00:51,6.35
DUSK/USDT,2024-07-26 00:00:00,0.84,0.2284,0.236,1,2024-07-27 00:00:51,3.33
CHZ/USDT,2024-07-26 00:00:00,0.7,0.0668,0.0702,1,2024-07-27 00:00:51,5.09
HBAR/USDT,2024-07-26 00:00:00,0.7,0.0661,0.0684,1,2024-07-27 00:00:51,3.48
NKN/USDT,2024-07-26 00:00:00,0.88,0.0751,0.0787,1,2024-07-27 00:00:51,4.79
FTT/USDT,2024-07-26 00:00:00,0.76,1.3497,1.3736,1,2024-07-27 00:00:51,1.77
LTO/USDT,2024-07-26 00:00:00,0.74,0.1164,0.1224,1,2024-07-27 00:00:51,5.15
MBL/USDT,2024-07-26 00:00:00,0.74,0.002571,0.002756,1,2024-07-27 00:00:51,7.2
STPT/USDT,2024-07-26 00:00:00,0.73,0.04319,0.04504,1,2024-07-27 00:00:51,4.28
DATA/USDT,2024-07-26 00:00:00,0.71,0.03555,0.03729,1,2024-07-27 00:00:51,4.89
CHR/USDT,2024-07-26 00:00:00,0.72,0.2185,0.2299,1,2024-07-27 00:00:51,5.22
KNC/USDT,2024-07-26 00:00:00,0.72,0.5139,0.5426,1,2024-07-27 00:00:51,5.58
MKR/USDT,2024-07-26 00:00:00,0.82,2642.0,2649.0,1,2024-07-27 00:00:51,0.26
BAL/USDT,2024-07-26 00:00:00,0.94,2.471,2.616,1,2024-07-27 00:00:51,5.87
BLZ/USDT,2024-07-26 00:00:00,0.76,0.1725,0.1785,1,2024-07-27 00:00:51,3.48
NMR/USDT,2024-07-26 00:00:00,0.73,13.3,15.1,1,2024-07-27 00:00:51,13.53
TRB/USDT,2024-07-26 00:00:00,0.77,70.07,74.2,1,2024-07-27 00:00:51,5.89
FIO/USDT,2024-07-26 00:00:00,0.71,0.02273,0.02357,1,2024-07-27 00:00:51,3.7
OXT/USDT,2024-07-26 00:00:00,0.78,0.0792,0.0808,1,2024-07-27 00:00:51,2.02
AVAX/USDT,2024-07-26 00:00:00,0.79,27.24,28.72,1,2024-07-27 00:00:51,5.43
AAVE/USDT,2024-07-26 00:00:00,0.76,92.78,97.74,1,2024-07-27 00:00:51,5.35
NEAR/USDT,2024-07-26 00:00:00,0.8,5.415,5.717,1,2024-07-27 00:00:51,5.58
FIL/USDT,2024-07-26 00:00:00,0.82,4.199,4.642,1,2024-07-27 00:00:51,10.55
STRAX/USDT,2024-07-26 00:00:00,0.76,0.0496,0.0522,1,2024-07-27 00:00:51,5.24
PSG/USDT,2024-07-26 00:00:00,0.73,2.698,2.78,1,2024-07-27 00:00:51,3.04
REEF/USDT,2024-07-26 00:00:00,0.77,0.001407,0.001524,1,2024-07-27 00:00:51,8.32
BIFI/USDT,2024-07-27 00:00:00,0.87,316.8,322.5,1,2024-07-28 00:00:13,1.8
STEEM/USDT,2024-07-27 00:00:00,0.86,0.1995,0.2045,1,2024-07-28 00:00:13,2.51
LUNC/USDT,2024-07-27 00:00:00,0.83,8.546e-05,8.509e-05,0,2024-07-28 00:00:13,-0.43
POLYX/USDT,2024-07-27 00:00:00,0.73,0.2716,0.2721,1,2024-07-28 00:00:13,0.18
APT/USDT,2024-07-27 00:00:00,0.8,6.98,7.14,1,2024-07-28 00:00:13,2.29
OSMO/USDT,2024-07-27 00:00:00,0.75,0.4867,0.487,1,2024-07-28 00:00:13,0.06
PROS/USDT,2024-07-27 00:00:00,0.8,0.3832,0.3841,1,2024-07-28 00:00:13,0.23
GNS/USDT,2024-07-27 00:00:00,0.78,3.426,3.471,1,2024-07-28 00:00:13,1.31
SYN/USDT,2024-07-27 00:00:00,0.7,0.4934,0.478,0,2024-07-28 00:00:13,-3.12
LQTY/USDT,2024-07-27 00:00:00,0.76,0.802,0.8,0,2024-07-28 00:00:13,-0.25
USTC/USDT,2024-07-27 00:00:00,0.77,0.02014,0.01976,0,2024-07-28 00:00:13,-1.89
GAS/USDT,2024-07-27 00:00:00,0.76,3.807,3.866,1,2024-07-28 00:00:13,1.55
GLM/USDT,2024-07-27 00:00:00,0.84,0.3472,0.3466,0,2024-07-28 00:00:13,-0.17
QKC/USDT,2024-07-27 00:00:00,0.71,0.007978,0.008083,1,2024-07-28 00:00:13,1.32
ID/USDT,2024-07-27 00:00:00,0.72,0.503,0.4942,0,2024-07-28 00:00:13,-1.75
ARB/USDT,2024-07-27 00:00:00,0.8,0.7264,0.7209,0,2024-07-28 00:00:13,-0.76
LOOM/USDT,2024-07-27 00:00:00,0.73,0.06223,0.06182,0,2024-07-28 00:00:13,-0.66
OAX/USDT,2024-07-27 00:00:00,0.71,0.1699,0.165,0,2024-07-28 00:00:13,-2.88
RDNT/USDT,2024-07-27 00:00:00,0.73,0.0981,0.0984,1,2024-07-28 00:00:13,0.31
WBTC/USDT,2024-07-27 00:00:00,0.79,67885.57,67855.86,0,2024-07-28 00:00:13,-0.04
EDU/USDT,2024-07-27 00:00:00,0.71,0.6457,0.6374,0,2024-07-28 00:00:13,-1.29
SUI/USDT,2024-07-27 00:00:00,0.71,0.7872,0.7844,0,2024-07-28 00:00:13,-0.36
AERGO/USDT,2024-07-27 00:00:00,0.78,0.0978,0.1012,1,2024-07-28 00:00:13,3.48
PEPE/USDT,2024-07-27 00:00:00,0.79,1.202e-05,1.19e-05,0,2024-07-28 00:00:13,-1.0
SNT/USDT,2024-07-27 00:00:00,0.85,0.02486,0.0251,1,2024-07-28 00:00:13,0.97
COMBO/USDT,2024-07-27 00:00:00,0.85,0.5191,0.5201,1,2024-07-28 00:00:13,0.19
WBETH/USDT,2024-07-27 00:00:00,0.72,3424.42,3390.65,0,2024-07-28 00:00:13,-0.99
CYBER/USDT,2024-07-27 00:00:00,0.71,4.351,4.345,0,2024-07-28 00:00:13,-0.14
IQ/USDT,2024-07-27 00:00:00,0.83,0.006484,0.006471,0,2024-07-28 00:00:13,-0.2
MEME/USDT,2024-07-27 00:00:00,0.8,0.01547,0.01556,1,2024-07-28 00:00:13,0.58
ORDI/USDT,2024-07-27 00:00:00,0.77,38.87,38.79,0,2024-07-28 00:00:13,-0.21
VANRY/USDT,2024-07-27 00:00:00,0.83,0.1269,0.1249,0,2024-07-28 00:00:13,-1.58
AI/USDT,2024-07-27 00:00:00,0.8,0.544,0.555,1,2024-07-28 00:00:13,2.02
RONIN/USDT,2024-07-27 00:00:00,0.77,2.074,2.031,0,2024-07-28 00:00:13,-2.07
DYM/USDT,2024-07-27 00:00:00,0.87,1.71,1.743,1,2024-07-28 00:00:13,1.93
PIXEL/USDT,2024-07-27 00:00:00,0.87,0.2006,0.2017,1,2024-07-28 00:00:13,0.55
PORTAL/USDT,2024-07-27 00:00:00,0.94,0.3861,0.3952,1,2024-07-28 00:00:13,2.36
PDA/USDT,2024-07-27 00:00:00,0.77,0.0638,0.0642,1,2024-07-28 00:00:13,0.63
W/USDT,2024-07-27 00:00:00,0.72,0.2903,0.2996,1,2024-07-28 00:00:13,3.2
SAGA/USDT,2024-07-27 00:00:00,0.73,1.3295,1.4411,1,2024-07-28 00:00:13,8.39
BTC/USDT,2024-07-27 00:00:00,0.83,67907.99,67896.5,0,2024-07-28 00:00:13,-0.02
ETH/USDT,2024-07-27 00:00:00,0.74,3274.61,3249.01,0,2024-07-28 00:00:13,-0.78
BNB/USDT,2024-07-27 00:00:00,0.85,580.9,581.6,1,2024-07-28 00:00:13,0.12
NEO/USDT,2024-07-27 00:00:00,0.79,11.66,11.75,1,2024-07-28 00:00:13,0.77
LTC/USDT,2024-07-27 00:00:00,0.75,71.31,71.32,0,2024-07-28 00:00:13,0.01
QTUM/USDT,2024-07-27 00:00:00,0.86,2.589,2.726,1,2024-07-28 00:00:13,5.29
XRP/USDT,2024-07-27 00:00:00,0.72,0.6034,0.5956,0,2024-07-28 00:00:13,-1.29
EOS/USDT,2024-07-27 00:00:00,0.87,0.5786,0.5801,1,2024-07-28 00:00:13,0.26
IOTA/USDT,2024-07-27 00:00:00,0.89,0.165,0.1659,1,2024-07-28 00:00:13,0.55
ONT/USDT,2024-07-27 00:00:00,0.73,0.202,0.2059,1,2024-07-28 00:00:13,1.93
ETC/USDT,2024-07-27 00:00:00,0.79,22.91,22.82,0,2024-07-28 00:00:13,-0.39
ICX/USDT,2024-07-27 00:00:00,0.75,0.1649,0.1702,1,2024-07-28 00:00:13,3.21
LINK/USDT,2024-07-27 00:00:00,0.77,13.53,13.54,0,2024-07-28 00:00:13,0.07
ONG/USDT,2024-07-27 00:00:00,0.74,0.3428,0.3479,1,2024-07-28 00:00:13,1.49
ZIL/USDT,2024-07-27 00:00:00,0.72,0.01724,0.01728,1,2024-07-28 00:00:13,0.23
ZRX/USDT,2024-07-27 00:00:00,0.74,0.3931,0.3838,0,2024-07-28 00:00:13,-2.37
BAT/USDT,2024-07-27 00:00:00,0.76,0.193,0.1983,1,2024-07-28 00:00:13,2.75
DASH/USDT,2024-07-27 00:00:00,0.83,26.92,26.9,0,2024-07-28 00:00:13,-0.07
THETA/USDT,2024-07-27 00:00:00,0.79,1.507,1.508,0,2024-07-28 00:00:13,0.07
ENJ/USDT,2024-07-27 00:00:00,0.73,0.1893,0.1882,0,2024-07-28 00:00:13,-0.58
MATIC/USDT,2024-07-27 00:00:00,0.75,0.5147,0.5171,1,2024-07-28 00:00:13,0.47
ATOM/USDT,2024-07-27 00:00:00,0.81,6.168,6.344,1,2024-07-28 00:00:13,2.85
TFUEL/USDT,2024-07-27 00:00:00,0.81,0.06899,0.06945,1,2024-07-28 00:00:13,0.67
ALGO/USDT,2024-07-27 00:00:00,0.83,0.1425,0.1428,1,2024-07-28 00:00:13,0.21
DOGE/USDT,2024-07-27 00:00:00,0.81,0.13419,0.13144,0,2024-07-28 00:00:13,-2.05
COS/USDT,2024-07-27 00:00:00,0.77,0.008081,0.007994,0,2024-07-28 00:00:13,-1.08
CHZ/USDT,2024-07-27 00:00:00,0.73,0.0702,0.0703,1,2024-07-28 00:00:13,0.14
REN/USDT,2024-07-27 00:00:00,0.72,0.04703,0.0473,1,2024-07-28 00:00:13,0.57
RVN/USDT,2024-07-27 00:00:00,0.79,0.0191,0.01925,1,2024-07-28 00:00:13,0.79
NKN/USDT,2024-07-27 00:00:00,0.77,0.0787,0.0789,1,2024-07-28 00:00:13,0.25
STX/USDT,2024-07-27 00:00:00,0.78,1.856,1.943,1,2024-07-28 00:00:13,4.69
KAVA/USDT,2024-07-27 00:00:00,0.86,0.4199,0.4268,1,2024-07-28 00:00:13,1.64
ARPA/USDT,2024-07-27 00:00:00,0.78,0.04174,0.04145,0,2024-07-28 00:00:13,-0.69
IOTX/USDT,2024-07-27 00:00:00,0.71,0.04509,0.0455,1,2024-07-28 00:00:13,0.91
RLC/USDT,2024-07-27 00:00:00,0.75,1.811,1.788,0,2024-07-28 00:00:13,-1.27
TROY/USDT,2024-07-27 00:00:00,0.77,0.00166,0.001646,0,2024-07-28 00:00:13,-0.84
OGN/USDT,2024-07-27 00:00:00,0.73,0.1036,0.1043,1,2024-07-28 00:00:13,0.68
WRX/USDT,2024-07-27 00:00:00,0.84,0.1275,0.1244,0,2024-07-28 00:00:13,-2.43
LSK/USDT,2024-07-27 00:00:00,0.77,1.034,1.039,1,2024-07-28 00:00:13,0.48
BNT/USDT,2024-07-27 00:00:00,0.83,0.6017,0.5978,0,2024-07-28 00:00:13,-0.65
LTO/USDT,2024-07-27 00:00:00,0.8,0.1224,0.1203,0,2024-07-28 00:00:13,-1.72
COTI/USDT,2024-07-27 00:00:00,0.73,0.12019,0.11899,0,2024-07-28 00:00:13,-1.0
CTSI/USDT,2024-07-27 00:00:00,0.71,0.1564,0.1557,0,2024-07-28 00:00:13,-0.45
ARDR/USDT,2024-07-27 00:00:00,0.71,0.07147,0.07226,1,2024-07-28 00:00:13,1.11
KNC/USDT,2024-07-27 00:00:00,0.73,0.5426,0.5474,1,2024-07-28 00:00:13,0.88
COMP/USDT,2024-07-27 00:00:00,0.78,51.39,51.61,1,2024-07-28 00:00:13,0.43
SC/USDT,2024-07-27 00:00:00,0.88,0.005316,0.0055,1,2024-07-28 00:00:13,3.46
ZEN/USDT,2024-07-27 00:00:00,0.71,11.25,10.77,0,2024-07-28 00:00:13,-4.27
SXP/USDT,2024-07-27 00:00:00,0.72,0.2509,0.2599,1,2024-07-28 00:00:13,3.59
STORJ/USDT,2024-07-27 00:00:00,0.79,0.382,0.4829,1,2024-07-28 00:00:13,26.41
MANA/USDT,2024-07-27 00:00:00,0.75,0.3424,0.3488,1,2024-07-28 00:00:13,1.87
YFI/USDT,2024-07-27 00:00:00,0.83,5824.0,5886.0,1,2024-07-28 00:00:13,1.06
SAND/USDT,2024-07-27 00:00:00,0.76,0.3288,0.3372,1,2024-07-28 00:00:13,2.55
DOT/USDT,2024-07-27 00:00:00,0.71,5.867,5.825,0,2024-07-28 00:00:13,-0.72
LUNA/USDT,2024-07-27 00:00:00,0.83,0.4159,0.4116,0,2024-07-28 00:00:13,-1.03
TRB/USDT,2024-07-27 00:00:00,0.74,74.2,73.39,0,2024-07-28 00:00:13,-1.09
BEL/USDT,2024-07-27 00:00:00,0.71,0.5608,0.5487,0,2024-07-28 00:00:13,-2.16
OXT/USDT,2024-07-27 00:00:00,0.71,0.0808,0.085,1,2024-07-28 00:00:13,5.2
FLM/USDT,2024-07-27 00:00:00,0.8,0.0679,0.067,0,2024-07-28 00:00:13,-1.33
UTK/USDT,2024-07-27 00:00:00,0.8,0.04927,0.04838,0,2024-07-28 00:00:13,-1.81
ALPHA/USDT,2024-07-27 00:00:00,0.83,0.071,0.0716,1,2024-07-28 00:00:13,0.85
NEAR/USDT,2024-07-27 00:00:00,0.71,5.717,5.679,0,2024-07-28 00:00:13,-0.66
AXS/USDT,2024-07-27 00:00:00,0.82,6.085,6.103,1,2024-07-28 00:00:13,0.3
STRAX/USDT,2024-07-27 00:00:00,0.84,0.0522,0.0534,1,2024-07-28 00:00:13,2.3
AVA/USDT,2024-07-27 00:00:00,0.71,0.6197,0.6137,0,2024-07-28 00:00:13,-0.97
GRT/USDT,2024-07-27 00:00:00,0.72,0.2007,0.1981,0,2024-07-28 00:00:13,-1.3
PSG/USDT,2024-07-27 00:00:00,0.83,2.78,2.743,0,2024-07-28 00:00:13,-1.33
CELO/USDT,2024-07-27 00:00:00,0.76,0.5671,0.5807,1,2024-07-28 00:00:13,2.4
CKB/USDT,2024-07-27 00:00:00,0.77,0.012475,0.012473,0,2024-07-28 00:00:13,-0.02
FIRO/USDT,2024-07-27 00:00:00,0.78,1.322,1.285,0,2024-07-28 00:00:13,-2.8
CAKE/USDT,2024-07-27 00:00:00,0.78,1.982,1.971,0,2024-07-28 00:00:13,-0.55
FIS/USDT,2024-07-27 00:00:00,0.81,0.3705,0.3728,1,2024-07-28 00:00:13,0.62
DEGO/USDT,2024-07-27 00:00:00,0.76,1.55,1.572,1,2024-07-28 00:00:13,1.42
LINA/USDT,2024-07-27 00:00:00,0.78,0.005614,0.005837,1,2024-07-28 00:00:13,3.97
PUNDIX/USDT,2024-07-27 00:00:00,0.82,0.4403,0.471,1,2024-07-28 00:00:13,6.97
TLM/USDT,2024-07-27 00:00:00,0.75,0.01208,0.01201,0,2024-07-28 00:00:13,-0.58
SHIB/USDT,2024-07-27 00:00:00,0.72,1.696e-05,1.702e-05,1,2024-07-28 00:00:13,0.35
ICP/USDT,2024-07-27 00:00:00,0.8,9.71,9.687,0,2024-07-28 00:00:13,-0.24
MASK/USDT,2024-07-27 00:00:00,0.8,2.373,2.38,1,2024-07-28 00:00:13,0.29
LPT/USDT,2024-07-27 00:00:00,0.8,15.108,15.538,1,2024-07-28 00:00:13,2.85
ATA/USDT,2024-07-27 00:00:00,0.8,0.0971,0.0958,0,2024-07-28 00:00:13,-1.34
C98/USDT,2024-07-27 00:00:00,0.89,0.1524,0.1533,1,2024-07-28 00:00:13,0.59
CLV/USDT,2024-07-27 00:00:00,0.85,0.05017,0.05075,1,2024-07-28 00:00:13,1.16
FLOW/USDT,2024-07-27 00:00:00,0.77,0.675,0.676,1,2024-07-28 00:00:13,0.15
MINA/USDT,2024-07-27 00:00:00,0.7,0.5218,0.5201,0,2024-07-28 00:00:13,-0.33
ALPACA/USDT,2024-07-27 00:00:00,0.86,0.1238,0.1251,1,2024-07-28 00:00:13,1.05
QUICK/USDT,2024-07-27 00:00:00,0.92,0.03892,0.03888,0,2024-07-28 00:00:13,-0.1
MBOX/USDT,2024-07-27 00:00:00,0.72,0.2243,0.2208,0,2024-07-28 00:00:13,-1.56
REQ/USDT,2024-07-27 00:00:00,0.77,0.1098,0.1098,0,2024-07-28 00:00:13,0.0
WAXP/USDT,2024-07-27 00:00:00,0.81,0.03909,0.04116,1,2024-07-28 00:00:13,5.3
GNO/USDT,2024-07-27 00:00:00,0.72,214.9,213.2,0,2024-07-28 00:00:13,-0.79
VIDT/USDT,2024-07-27 00:00:00,0.74,0.02068,0.0204,0,2024-07-28 00:00:13,-1.35
ILV/USDT,2024-07-27 00:00:00,0.85,67.83,61.0,0,2024-07-28 00:00:13,-10.07
YGG/USDT,2024-07-27 00:00:00,0.81,0.4781,0.4968,1,2024-07-28 00:00:13,3.91
FRONT/USDT,2024-07-27 00:00:00,0.79,0.871,0.855,0,2024-07-28 00:00:13,-1.84
AGLD/USDT,2024-07-27 00:00:00,0.77,0.971,0.979,1,2024-07-28 00:00:13,0.82
RARE/USDT,2024-07-27 00:00:00,0.82,0.0859,0.0842,0,2024-07-28 00:00:13,-1.98
LAZIO/USDT,2024-07-27 00:00:00,0.71,1.439,1.425,0,2024-07-28 00:00:13,-0.97
CHESS/USDT,2024-07-27 00:00:00,0.81,0.1389,0.1389,0,2024-07-28 00:00:13,0.0
DAR/USDT,2024-07-27 00:00:00,0.82,0.18163,0.1805,0,2024-07-28 00:00:13,-0.62
MOVR/USDT,2024-07-27 00:00:00,0.82,11.025,10.891,0,2024-07-28 00:00:13,-1.22
KP3R/USDT,2024-07-27 00:00:00,0.79,55.19,54.27,0,2024-07-28 00:00:13,-1.67
PORTO/USDT,2024-07-27 00:00:00,0.73,1.498,1.487,0,2024-07-28 00:00:13,-0.73
POWR/USDT,2024-07-27 00:00:00,0.75,0.2206,0.2205,0,2024-07-28 00:00:13,-0.05
VGX/USDT,2024-07-27 00:00:00,0.79,0.0749,0.0727,0,2024-07-28 00:00:13,-2.94
BICO/USDT,2024-07-27 00:00:00,0.72,0.3079,0.3071,0,2024-07-28 00:00:13,-0.26
FLUX/USDT,2024-07-27 00:00:00,0.79,0.6947,0.6989,1,2024-07-28 00:00:13,0.6
HIGH/USDT,2024-07-27 00:00:00,0.78,1.674,1.669,0,2024-07-28 00:00:13,-0.3
JOE/USDT,2024-07-27 00:00:00,0.73,0.3914,0.3852,0,2024-07-28 00:00:13,-1.58
IMX/USDT,2024-07-27 00:00:00,0.71,1.54,1.49,0,2024-07-28 00:00:13,-3.25
BTTC/USDT,2024-07-27 00:00:00,0.71,8.8e-07,9e-07,1,2024-07-28 00:00:13,2.27
T/USDT,2024-07-27 00:00:00,0.87,0.0233,0.02574,1,2024-07-28 00:00:13,10.47
GMT/USDT,2024-07-27 00:00:00,0.78,0.1519,0.1522,1,2024-07-28 00:00:13,0.2
APE/USDT,2024-07-27 00:00:00,0.71,0.789,0.791,1,2024-07-28 00:00:13,0.25
SUN/USDT,2024-07-28 00:00:00,0.72,0.01064,,,2024-07-28 06:11:30,
NEAR/USDT,2024-07-28 00:00:00,0.77,5.679,,,2024-07-28 06:11:30,
AKRO/USDT,2024-07-28 00:00:00,0.79,0.005529,,,2024-07-28 06:11:30,
GRT/USDT,2024-07-28 00:00:00,0.83,0.1981,,,2024-07-28 06:11:30,
OG/USDT,2024-07-28 00:00:00,0.75,3.105,,,2024-07-28 06:11:30,
TWT/USDT,2024-07-28 00:00:00,0.75,1.0194,,,2024-07-28 06:11:30,
CAKE/USDT,2024-07-28 00:00:00,0.72,1.971,,,2024-07-28 06:11:30,
PERP/USDT,2024-07-28 00:00:00,0.76,0.6377,,,2024-07-28 06:11:30,
CFX/USDT,2024-07-28 00:00:00,0.75,0.1767,,,2024-07-28 06:11:30,
TKO/USDT,2024-07-28 00:00:00,0.72,0.3096,,,2024-07-28 06:11:30,
MASK/USDT,2024-07-28 00:00:00,0.76,2.38,,,2024-07-28 06:11:30,
ATA/USDT,2024-07-28 00:00:00,0.72,0.0958,,,2024-07-28 06:11:30,
C98/USDT,2024-07-28 00:00:00,0.77,0.1533,,,2024-07-28 06:11:30,
CLV/USDT,2024-07-28 00:00:00,0.7,0.05075,,,2024-07-28 06:11:30,
MINA/USDT,2024-07-28 00:00:00,0.76,0.5201,,,2024-07-28 06:11:30,
DF/USDT,2024-07-28 00:00:00,0.7,0.03073,,,2024-07-28 06:11:30,
AGLD/USDT,2024-07-28 00:00:00,0.74,0.979,,,2024-07-28 06:11:30,
RAD/USDT,2024-07-28 00:00:00,0.74,1.224,,,2024-07-28 06:11:30,
QI/USDT,2024-07-28 00:00:00,0.75,0.01592,,,2024-07-28 06:11:30,
VGX/USDT,2024-07-28 00:00:00,0.86,0.0727,,,2024-07-28 06:11:30,
AMP/USDT,2024-07-28 00:00:00,0.72,0.004326,,,2024-07-28 06:11:30,
BIFI/USDT,2024-07-28 00:00:00,0.73,322.5,,,2024-07-28 06:11:30,
STEEM/USDT,2024-07-28 00:00:00,0.74,0.2045,,,2024-07-28 06:11:30,
HFT/USDT,2024-07-28 00:00:00,0.72,0.1954,,,2024-07-28 06:11:30,
SYN/USDT,2024-07-28 00:00:00,0.71,0.478,,,2024-07-28 06:11:30,
LOOM/USDT,2024-07-28 00:00:00,0.78,0.06182,,,2024-07-28 06:11:30,
FLOKI/USDT,2024-07-28 00:00:00,0.79,0.00017769,,,2024-07-28 06:11:30,
SNT/USDT,2024-07-28 00:00:00,0.75,0.0251,,,2024-07-28 06:11:30,
COMBO/USDT,2024-07-28 00:00:00,0.83,0.5201,,,2024-07-28 06:11:30,
AI/USDT,2024-07-28 00:00:00,0.84,0.555,,,2024-07-28 06:11:30,
DYM/USDT,2024-07-28 00:00:00,0.75,1.743,,,2024-07-28 06:11:30,
ETHFI/USDT,2024-07-28 00:00:00,0.71,2.195,,,2024-07-28 06:11:30,
ZRO/USDT,2024-07-28 00:00:00,0.91,4.579,,,2024-07-28 06:11:30,
BTC/USDT,2024-07-28 00:00:00,0.74,67896.5,,,2024-07-28 06:11:30,
ETH/USDT,2024-07-28 00:00:00,0.72,3249.01,,,2024-07-28 06:11:30,
NEO/USDT,2024-07-28 00:00:00,0.71,11.75,,,2024-07-28 06:11:30,
LTC/USDT,2024-07-28 00:00:00,0.74,71.32,,,2024-07-28 06:11:30,
EOS/USDT,2024-07-28 00:00:00,0.72,0.5801,,,2024-07-28 06:11:30,
IOTA/USDT,2024-07-28 00:00:00,0.73,0.1659,,,2024-07-28 06:11:30,
XLM/USDT,2024-07-28 00:00:00,0.83,0.1015,,,2024-07-28 06:11:30,
VET/USDT,2024-07-28 00:00:00,0.77,0.02814,,,2024-07-28 06:11:30,
ONG/USDT,2024-07-28 00:00:00,0.7,0.3479,,,2024-07-28 06:11:30,
BAT/USDT,2024-07-28 00:00:00,0.77,0.1983,,,2024-07-28 06:11:30,
CELR/USDT,2024-07-28 00:00:00,0.76,0.01356,,,2024-07-28 06:11:30,
DASH/USDT,2024-07-28 00:00:00,0.82,26.9,,,2024-07-28 06:11:30,
THETA/USDT,2024-07-28 00:00:00,0.76,1.508,,,2024-07-28 06:11:30,
ENJ/USDT,2024-07-28 00:00:00,0.75,0.1882,,,2024-07-28 06:11:30,
TFUEL/USDT,2024-07-28 00:00:00,0.8,0.06945,,,2024-07-28 06:11:30,
FTM/USDT,2024-07-28 00:00:00,0.82,0.4559,,,2024-07-28 06:11:30,
DOGE/USDT,2024-07-28 00:00:00,0.73,0.13144,,,2024-07-28 06:11:30,
RVN/USDT,2024-07-28 00:00:00,0.81,0.01925,,,2024-07-28 06:11:30,
NKN/USDT,2024-07-28 00:00:00,0.82,0.0789,,,2024-07-28 06:11:30,
KAVA/USDT,2024-07-28 00:00:00,0.78,0.4268,,,2024-07-28 06:11:30,
ARPA/USDT,2024-07-28 00:00:00,0.76,0.04145,,,2024-07-28 06:11:30,
RLC/USDT,2024-07-28 00:00:00,0.88,1.788,,,2024-07-28 06:11:30,
VITE/USDT,2024-07-28 00:00:00,0.71,0.01465,,,2024-07-28 06:11:30,
SOL/USDT,2024-07-28 00:00:00,0.75,183.92,,,2024-07-28 06:11:30,
COMP/USDT,2024-07-28 00:00:00,0.74,51.61,,,2024-07-28 06:11:30,
MANA/USDT,2024-07-28 00:00:00,0.71,0.3488,,,2024-07-28 06:11:30,
RUNE/USDT,2024-07-28 00:00:00,0.74,4.616,,,2024-07-28 06:11:30,
WING/USDT,2024-07-28 00:00:00,0.8,4.88,,,2024-07-28 06:11:30,
UTK/USDT,2024-07-28 00:00:00,0.73,0.04838,,,2024-07-28 06:11:30,
