coin,buy_price,buy_date,sell_price,sell_date,previous_close_price,opening_candle_date,profit_percentage,percentage_change,close_reason,candles_passed,last_monitor_date
ACM/USDT,1.708,2024-07-17 09:54:22,1.68,2024-07-17 12:00:10,1.727,2024-07-17 08:00:00,-1.58,-2.66,Candles Exceeded,2,2024-07-17 12:00:10
SYN/USDT,0.4784,2024-07-17 11:13:26,0.48,2024-07-17 12:00:10,0.4837,2024-07-17 08:00:00,-0.29,-1.39,Candles Exceeded,2,2024-07-17 12:00:10
UFT/USDT,0.3067,2024-07-17 11:23:06,0.31,2024-07-17 12:00:10,0.3101,2024-07-17 08:00:00,-0.52,-1.61,Candles Exceeded,2,2024-07-17 12:00:10
BNT/USDT,0.6308,2024-07-17 11:36:44,0.63,2024-07-17 12:00:10,0.6375,2024-07-17 08:00:00,0.32,-0.74,Candles Exceeded,2,2024-07-17 12:00:10
LPT/USDT,15.49,2024-07-17 11:39:15,15.57,2024-07-17 12:00:10,15.726,2024-07-17 08:00:00,0.51,-1.0,Candles Exceeded,2,2024-07-17 12:00:10
DCR/USDT,13.84,2024-07-17 12:05:36,14.02,2024-07-17 12:24:12,14.01,2024-07-17 12:00:00,1.3,0.07,Profit Reached,1,2024-07-17 12:24:12
MKR/USDT,2914.0,2024-07-17 14:09:20,2856.0,2024-07-17 16:00:02,2960.0,2024-07-17 12:00:00,-1.99,-3.51,Candles Exceeded,2,2024-07-17 16:00:02
UTK/USDT,0.05628,2024-07-17 14:57:38,0.06,2024-07-17 16:00:02,0.0571,2024-07-17 12:00:00,-0.64,-2.07,Candles Exceeded,2,2024-07-17 16:00:02
QNT/USDT,77.7,2024-07-17 16:15:24,78.1,2024-07-17 20:00:02,78.6,2024-07-17 16:00:00,0.51,-0.64,Candles Exceeded,2,2024-07-17 20:00:02
WOO/USDT,0.204,2024-07-17 16:16:58,0.21,2024-07-17 18:40:08,0.207,2024-07-17 16:00:00,1.52,0.05,Profit Reached,1,2024-07-17 18:40:08
APE/USDT,0.818,2024-07-17 16:17:06,0.83,2024-07-17 18:43:58,0.83,2024-07-17 16:00:00,1.59,0.12,Profit Reached,1,2024-07-17 18:43:58
CHZ/USDT,0.0726,2024-07-17 16:21:37,0.07,2024-07-17 20:00:02,0.0735,2024-07-17 16:00:00,0.83,-0.41,Candles Exceeded,2,2024-07-17 20:00:02
UNFI/USDT,4.029,2024-07-17 16:23:36,4.08,2024-07-17 19:52:04,4.072,2024-07-17 16:00:00,1.14,0.07,Profit Reached,1,2024-07-17 19:52:04
GMT/USDT,0.1552,2024-07-17 16:26:34,0.16,2024-07-17 19:21:50,0.1573,2024-07-17 16:00:00,1.42,0.06,Profit Reached,1,2024-07-17 19:21:50
LOOM/USDT,0.05705,2024-07-17 16:27:25,0.06,2024-07-17 20:00:02,0.05777,2024-07-17 16:00:00,0.7,-0.55,Candles Exceeded,2,2024-07-17 20:00:02
PENDLE/USDT,4.545,2024-07-17 16:27:42,4.59,2024-07-17 17:03:49,4.594,2024-07-17 16:00:00,1.1,0.02,Profit Reached,1,2024-07-17 17:03:49
KNC/USDT,0.5526,2024-07-17 16:31:51,0.56,2024-07-17 19:15:59,0.5591,2024-07-17 16:00:00,1.23,0.05,Profit Reached,1,2024-07-17 19:15:59
MANA/USDT,0.3582,2024-07-17 16:32:07,0.36,2024-07-17 20:00:02,0.3635,2024-07-17 16:00:00,0.92,-0.55,Candles Exceeded,2,2024-07-17 20:00:02
SAND/USDT,0.3345,2024-07-17 16:32:17,0.34,2024-07-17 18:32:49,0.3392,2024-07-17 16:00:00,1.43,0.03,Profit Reached,1,2024-07-17 18:32:49
C98/USDT,0.1681,2024-07-17 16:34:19,0.17,2024-07-17 17:40:02,0.1706,2024-07-17 16:00:00,1.55,0.06,Profit Reached,1,2024-07-17 17:40:02
FLOW/USDT,0.615,2024-07-17 16:34:22,0.62,2024-07-17 19:11:01,0.623,2024-07-17 16:00:00,1.46,0.16,Profit Reached,1,2024-07-17 19:11:01
QUICK/USDT,0.04066,2024-07-17 16:34:29,0.04,2024-07-17 18:23:35,0.0411,2024-07-17 16:00:00,1.11,0.02,Profit Reached,1,2024-07-17 18:23:35
STG/USDT,0.3822,2024-07-17 16:36:11,0.38,2024-07-17 20:00:02,0.3881,2024-07-17 16:00:00,0.6,-0.93,Candles Exceeded,2,2024-07-17 20:00:02
AERGO/USDT,0.0962,2024-07-17 16:36:55,0.1,2024-07-17 18:17:50,0.0972,2024-07-17 16:00:00,1.14,0.1,Profit Reached,1,2024-07-17 18:17:50
AST/USDT,0.0977,2024-07-17 16:36:59,0.1,2024-07-17 18:45:24,0.0987,2024-07-17 16:00:00,1.13,0.1,Profit Reached,1,2024-07-17 18:45:24
VET/USDT,0.03122,2024-07-17 16:39:41,0.03,2024-07-17 19:14:55,0.03157,2024-07-17 16:00:00,1.15,0.03,Profit Reached,1,2024-07-17 19:14:55
ANKR/USDT,0.0307,2024-07-17 16:40:13,0.03,2024-07-17 20:00:02,0.03114,2024-07-17 16:00:00,0.88,-0.55,Candles Exceeded,2,2024-07-17 20:00:02
LSK/USDT,0.995,2024-07-17 16:40:52,1.01,2024-07-17 19:12:46,1.008,2024-07-17 16:00:00,1.41,0.1,Profit Reached,1,2024-07-17 19:12:46
AVA/USDT,0.6469,2024-07-17 16:42:21,0.65,2024-07-17 20:00:02,0.656,2024-07-17 16:00:00,0.56,-0.84,Candles Exceeded,2,2024-07-17 20:00:02
MLN/USDT,19.98,2024-07-17 16:52:37,20.37,2024-07-17 19:02:29,20.36,2024-07-17 16:00:00,1.95,0.05,Profit Reached,1,2024-07-17 19:02:29
FIL/USDT,4.568,2024-07-17 23:45:15,4.55,2024-07-18 00:00:07,4.62,2024-07-17 20:00:00,-0.39,-1.52,Candles Exceeded,2,2024-07-18 00:00:07
MLN/USDT,19.75,2024-07-18 02:20:28,19.83,2024-07-18 04:00:08,19.98,2024-07-18 00:00:00,0.41,-0.75,Candles Exceeded,2,2024-07-18 04:00:08
FTM/USDT,0.5088,2024-07-18 04:59:54,0.51,2024-07-18 08:00:03,0.5145,2024-07-18 04:00:00,-0.53,-1.63,Candles Exceeded,2,2024-07-18 08:00:03
CELR/USDT,0.01437,2024-07-18 05:18:56,0.01,2024-07-18 06:14:23,0.01456,2024-07-18 04:00:00,1.39,0.07,Profit Reached,1,2024-07-18 06:14:23
HBAR/USDT,0.0749,2024-07-18 05:19:32,0.07,2024-07-18 08:00:03,0.0757,2024-07-18 04:00:00,-0.8,-1.85,Candles Exceeded,2,2024-07-18 08:00:03
RAY/USDT,1.9292,2024-07-18 07:45:36,1.93,2024-07-18 08:00:03,1.9493,2024-07-18 04:00:00,0.09,-0.94,Candles Exceeded,2,2024-07-18 08:00:03
GRT/USDT,0.2099,2024-07-18 07:53:48,0.21,2024-07-18 08:00:03,0.2124,2024-07-18 04:00:00,-0.19,-1.37,Candles Exceeded,2,2024-07-18 08:00:03
SHIB/USDT,1.749e-05,2024-07-18 08:23:19,0.0,2024-07-18 09:21:00,1.768e-05,2024-07-18 08:00:00,1.14,0.06,Profit Reached,1,2024-07-18 09:21:00
ACE/USDT,3.214,2024-07-18 08:36:35,3.25,2024-07-18 11:00:30,3.253,2024-07-18 08:00:00,1.24,0.03,Profit Reached,1,2024-07-18 11:00:30
FTM/USDT,0.5004,2024-07-18 08:39:08,0.5,2024-07-18 12:00:07,0.5058,2024-07-18 08:00:00,-0.14,-1.21,Candles Exceeded,2,2024-07-18 12:00:07
DENT/USDT,0.000934,2024-07-18 08:39:19,0.0,2024-07-18 10:32:31,0.000945,2024-07-18 08:00:00,1.28,0.11,Profit Reached,1,2024-07-18 10:32:31
SHIB/USDT,1.737e-05,2024-07-18 09:38:58,0.0,2024-07-18 12:00:07,1.768e-05,2024-07-18 08:00:00,-0.86,-2.6,Candles Exceeded,2,2024-07-18 12:00:07
TNSR/USDT,0.534,2024-07-18 10:30:32,0.54,2024-07-18 11:37:54,0.5415,2024-07-18 08:00:00,1.46,0.06,Profit Reached,1,2024-07-18 11:37:54
FUN/USDT,0.003888,2024-07-18 10:51:46,0.0,2024-07-18 11:31:24,0.003934,2024-07-18 08:00:00,1.34,0.15,Profit Reached,1,2024-07-18 11:31:24
FORTH/USDT,3.423,2024-07-18 12:29:24,3.25,2024-07-18 16:00:06,3.465,2024-07-18 12:00:00,-5.08,-6.23,Candles Exceeded,2,2024-07-18 16:00:06
CHR/USDT,0.2642,2024-07-18 13:15:01,0.25,2024-07-18 16:00:06,0.2679,2024-07-18 12:00:00,-3.71,-5.04,Candles Exceeded,2,2024-07-18 16:00:06
VIDT/USDT,0.02286,2024-07-18 13:37:06,0.02,2024-07-18 16:00:06,0.0231,2024-07-18 12:00:00,-3.5,-4.5,Candles Exceeded,2,2024-07-18 16:00:06
MATIC/USDT,0.5257,2024-07-18 13:52:03,0.52,2024-07-18 16:00:06,0.5316,2024-07-18 12:00:00,-1.77,-2.86,Candles Exceeded,2,2024-07-18 16:00:06
WRX/USDT,0.1456,2024-07-18 14:02:19,0.15,2024-07-18 16:00:06,0.1483,2024-07-18 12:00:00,-0.34,-2.16,Candles Exceeded,2,2024-07-18 16:00:06
POLYX/USDT,0.2727,2024-07-18 14:16:32,0.27,2024-07-18 16:00:06,0.2757,2024-07-18 12:00:00,-2.24,-3.3,Candles Exceeded,2,2024-07-18 16:00:06
CELR/USDT,0.01403,2024-07-18 14:20:17,0.01,2024-07-18 16:00:06,0.01418,2024-07-18 12:00:00,-2.42,-3.46,Candles Exceeded,2,2024-07-18 16:00:06
UTK/USDT,0.05502,2024-07-18 14:22:25,0.05,2024-07-18 16:00:06,0.05558,2024-07-18 12:00:00,-3.74,-4.71,Candles Exceeded,2,2024-07-18 16:00:06
BTTC/USDT,8.7e-07,2024-07-18 14:34:51,0.0,2024-07-18 16:00:06,8.8e-07,2024-07-18 12:00:00,-1.15,-2.27,Candles Exceeded,2,2024-07-18 16:00:06
BIFI/USDT,335.4,2024-07-18 14:35:07,326.3,2024-07-18 16:00:06,339.0,2024-07-18 12:00:00,-2.71,-3.75,Candles Exceeded,2,2024-07-18 16:00:06
HFT/USDT,0.1988,2024-07-18 14:35:25,0.19,2024-07-18 16:00:06,0.2018,2024-07-18 12:00:00,-2.21,-3.67,Candles Exceeded,2,2024-07-18 16:00:06
DENT/USDT,0.000933,2024-07-18 14:39:24,0.0,2024-07-18 16:00:06,0.000945,2024-07-18 12:00:00,-2.14,-3.39,Candles Exceeded,2,2024-07-18 16:00:06
LRC/USDT,0.1571,2024-07-18 14:40:18,0.16,2024-07-18 16:00:06,0.1601,2024-07-18 12:00:00,-1.15,-3.0,Candles Exceeded,2,2024-07-18 16:00:06
YFI/USDT,5898.0,2024-07-18 14:40:34,5831.0,2024-07-18 16:00:06,5959.0,2024-07-18 12:00:00,-1.14,-2.15,Candles Exceeded,2,2024-07-18 16:00:06
SAND/USDT,0.3328,2024-07-18 14:40:44,0.32,2024-07-18 16:00:06,0.3376,2024-07-18 12:00:00,-3.12,-4.5,Candles Exceeded,2,2024-07-18 16:00:06
ATA/USDT,0.1001,2024-07-18 14:42:33,0.1,2024-07-18 16:00:06,0.1013,2024-07-18 12:00:00,-2.3,-3.46,Candles Exceeded,2,2024-07-18 16:00:06
BAT/USDT,0.1907,2024-07-18 14:48:23,0.19,2024-07-18 16:00:06,0.1935,2024-07-18 12:00:00,-1.0,-2.43,Candles Exceeded,2,2024-07-18 16:00:06
AR/USDT,30.442,2024-07-18 14:51:42,29.85,2024-07-18 16:00:06,30.805,2024-07-18 12:00:00,-1.93,-3.09,Candles Exceeded,2,2024-07-18 16:00:06
QUICK/USDT,0.04074,2024-07-18 15:01:20,0.04,2024-07-18 16:00:06,0.04119,2024-07-18 12:00:00,-1.28,-2.35,Candles Exceeded,2,2024-07-18 16:00:06
WIN/USDT,9.36e-05,2024-07-18 15:07:03,0.0,2024-07-18 16:00:06,9.49e-05,2024-07-18 12:00:00,-0.96,-2.32,Candles Exceeded,2,2024-07-18 16:00:06
LTO/USDT,0.1194,2024-07-18 15:07:43,0.12,2024-07-18 16:00:06,0.1213,2024-07-18 12:00:00,-1.59,-3.13,Candles Exceeded,2,2024-07-18 16:00:06
RAY/USDT,1.9093,2024-07-18 15:10:26,1.91,2024-07-18 16:00:06,1.9506,2024-07-18 12:00:00,0.07,-2.05,Candles Exceeded,2,2024-07-18 16:00:06
VIB/USDT,0.07197,2024-07-18 18:11:30,0.07,2024-07-18 20:00:07,0.0727,2024-07-18 16:00:00,-1.01,-2.01,Candles Exceeded,2,2024-07-18 20:00:07
LINA/USDT,0.005869,2024-07-18 19:25:01,0.01,2024-07-18 20:00:07,0.005964,2024-07-18 16:00:00,0.61,-0.99,Candles Exceeded,2,2024-07-18 20:00:07
DF/USDT,0.03178,2024-07-18 19:26:12,0.03,2024-07-18 20:00:07,0.03216,2024-07-18 16:00:00,0.5,-0.68,Candles Exceeded,2,2024-07-18 20:00:07
AMB/USDT,0.00635,2024-07-18 19:28:00,0.01,2024-07-18 20:00:07,0.00644,2024-07-18 16:00:00,1.1,-0.31,Candles Exceeded,2,2024-07-18 20:00:07
PHA/USDT,0.1267,2024-07-18 20:12:57,0.13,2024-07-18 23:04:44,0.1285,2024-07-18 20:00:00,1.5,0.08,Profit Reached,1,2024-07-18 23:04:44
SFP/USDT,0.8014,2024-07-18 20:50:15,0.81,2024-07-19 00:00:04,0.8096,2024-07-18 20:00:00,0.72,-0.3,Candles Exceeded,2,2024-07-19 00:00:04
TWT/USDT,1.0292,2024-07-18 22:15:39,1.04,2024-07-18 23:18:48,1.0404,2024-07-18 20:00:00,1.17,0.08,Profit Reached,1,2024-07-18 23:18:48
AGLD/USDT,0.927,2024-07-18 22:17:11,0.93,2024-07-19 00:00:04,0.94,2024-07-18 20:00:00,0.76,-0.64,Candles Exceeded,2,2024-07-19 00:00:04
ALCX/USDT,17.88,2024-07-19 00:21:09,18.08,2024-07-19 03:43:52,18.07,2024-07-19 00:00:00,1.12,0.06,Profit Reached,1,2024-07-19 03:43:52
VTHO/USDT,0.002705,2024-07-19 00:36:41,0.0,2024-07-19 03:59:13,0.002733,2024-07-19 00:00:00,1.22,0.18,Profit Reached,1,2024-07-19 03:59:13
AGLD/USDT,0.92,2024-07-19 00:49:08,0.94,2024-07-19 02:15:11,0.934,2024-07-19 00:00:00,1.63,0.11,Profit Reached,1,2024-07-19 02:15:11
AST/USDT,0.0923,2024-07-19 00:51:17,0.09,2024-07-19 03:19:53,0.0933,2024-07-19 00:00:00,1.3,0.21,Profit Reached,1,2024-07-19 03:19:53
WRX/USDT,0.1415,2024-07-19 01:04:34,0.14,2024-07-19 03:40:30,0.1433,2024-07-19 00:00:00,1.34,0.07,Profit Reached,1,2024-07-19 03:40:30
AR/USDT,30.082,2024-07-19 04:26:05,29.64,2024-07-19 08:00:20,30.41,2024-07-19 04:00:00,-1.49,-2.55,Candles Exceeded,2,2024-07-19 08:00:20
FRONT/USDT,0.983,2024-07-19 04:36:38,0.96,2024-07-19 08:00:20,1.002,2024-07-19 04:00:00,-2.34,-4.19,Candles Exceeded,2,2024-07-19 08:00:20
NFP/USDT,0.2993,2024-07-19 04:48:59,0.3,2024-07-19 06:09:14,0.3024,2024-07-19 04:00:00,1.07,0.03,Profit Reached,1,2024-07-19 06:09:14
NEAR/USDT,6.035,2024-07-19 04:53:37,6.11,2024-07-19 06:09:14,6.104,2024-07-19 04:00:00,1.19,0.05,Profit Reached,1,2024-07-19 06:09:14
DENT/USDT,0.000947,2024-07-19 05:01:12,0.0,2024-07-19 06:04:33,0.000959,2024-07-19 04:00:00,1.37,0.1,Profit Reached,1,2024-07-19 06:04:33
MINA/USDT,0.5331,2024-07-19 05:04:38,0.54,2024-07-19 06:05:44,0.5392,2024-07-19 04:00:00,1.16,0.02,Profit Reached,1,2024-07-19 06:05:44
AUCTION/USDT,15.34,2024-07-19 05:05:20,15.52,2024-07-19 06:03:50,15.5,2024-07-19 04:00:00,1.17,0.13,Profit Reached,1,2024-07-19 06:03:50
STX/USDT,1.819,2024-07-19 05:20:24,1.84,2024-07-19 06:17:06,1.839,2024-07-19 04:00:00,1.15,0.05,Profit Reached,1,2024-07-19 06:17:06
COTI/USDT,0.09266,2024-07-19 05:20:47,0.09,2024-07-19 06:06:25,0.09372,2024-07-19 04:00:00,1.15,0.01,Profit Reached,1,2024-07-19 06:06:25
REEF/USDT,0.001508,2024-07-19 05:22:24,0.0,2024-07-19 06:09:02,0.001527,2024-07-19 04:00:00,1.33,0.07,Profit Reached,1,2024-07-19 06:09:02
DODO/USDT,0.1195,2024-07-19 05:22:40,0.12,2024-07-19 06:07:45,0.1208,2024-07-19 04:00:00,1.17,0.08,Profit Reached,1,2024-07-19 06:07:45
BOND/USDT,1.658,2024-07-19 05:23:24,1.52,2024-07-19 08:00:20,1.675,2024-07-19 04:00:00,-8.56,-9.49,Candles Exceeded,2,2024-07-19 08:00:20
API3/USDT,1.941,2024-07-19 05:24:57,1.97,2024-07-19 06:04:04,1.964,2024-07-19 04:00:00,1.49,0.31,Profit Reached,1,2024-07-19 06:04:04
BEAMX/USDT,0.01782,2024-07-19 05:26:39,0.02,2024-07-19 06:07:33,0.01807,2024-07-19 04:00:00,1.46,0.06,Profit Reached,1,2024-07-19 06:07:33
W/USDT,0.319,2024-07-19 05:27:17,0.32,2024-07-19 06:08:24,0.3231,2024-07-19 04:00:00,1.35,0.06,Profit Reached,1,2024-07-19 06:08:24
REN/USDT,0.04938,2024-07-19 05:29:42,0.05,2024-07-19 06:04:48,0.0499,2024-07-19 04:00:00,1.24,0.18,Profit Reached,1,2024-07-19 06:04:48
RLC/USDT,1.923,2024-07-19 05:29:52,1.95,2024-07-19 06:07:45,1.945,2024-07-19 04:00:00,1.2,0.05,Profit Reached,1,2024-07-19 06:07:45
RLC/USDT,1.925,2024-07-19 07:04:02,1.9,2024-07-19 08:00:20,1.945,2024-07-19 04:00:00,-1.09,-2.11,Candles Exceeded,2,2024-07-19 08:00:20
W/USDT,0.3197,2024-07-19 07:10:55,0.32,2024-07-19 08:00:20,0.3231,2024-07-19 04:00:00,-0.75,-1.8,Candles Exceeded,2,2024-07-19 08:00:20
STX/USDT,1.807,2024-07-19 07:13:29,1.8,2024-07-19 08:00:20,1.839,2024-07-19 04:00:00,-0.33,-2.07,Candles Exceeded,2,2024-07-19 08:00:20
NMR/USDT,14.19,2024-07-19 07:14:33,14.12,2024-07-19 08:00:20,14.34,2024-07-19 04:00:00,-0.49,-1.53,Candles Exceeded,2,2024-07-19 08:00:20
REEF/USDT,0.001508,2024-07-19 07:15:30,0.0,2024-07-19 08:00:20,0.001527,2024-07-19 04:00:00,-0.86,-2.1,Candles Exceeded,2,2024-07-19 08:00:20
FORTH/USDT,3.235,2024-07-19 07:34:56,3.22,2024-07-19 08:00:20,3.271,2024-07-19 04:00:00,-0.34,-1.44,Candles Exceeded,2,2024-07-19 08:00:20
QI/USDT,0.01492,2024-07-19 07:36:17,0.01,2024-07-19 08:00:20,0.01511,2024-07-19 04:00:00,-0.2,-1.46,Candles Exceeded,2,2024-07-19 08:00:20
API3/USDT,1.939,2024-07-19 07:36:51,1.93,2024-07-19 08:00:20,1.964,2024-07-19 04:00:00,-0.41,-1.68,Candles Exceeded,2,2024-07-19 08:00:20
RDNT/USDT,0.0992,2024-07-19 07:37:57,0.1,2024-07-19 08:00:20,0.1006,2024-07-19 04:00:00,-0.3,-1.69,Candles Exceeded,2,2024-07-19 08:00:20
NFP/USDT,0.2992,2024-07-19 07:38:46,0.3,2024-07-19 08:00:20,0.3024,2024-07-19 04:00:00,-0.27,-1.32,Candles Exceeded,2,2024-07-19 08:00:20
STRK/USDT,0.564,2024-07-19 07:39:00,0.56,2024-07-19 08:00:20,0.573,2024-07-19 04:00:00,-1.06,-2.62,Candles Exceeded,2,2024-07-19 08:00:20
DUSK/USDT,0.2698,2024-07-19 07:41:21,0.27,2024-07-19 08:00:20,0.2747,2024-07-19 04:00:00,-0.22,-2.0,Candles Exceeded,2,2024-07-19 08:00:20
DENT/USDT,0.000945,2024-07-19 07:41:28,0.0,2024-07-19 07:59:57,0.000959,2024-07-19 04:00:00,0.42,-1.04,Candles Exceeded,2,2024-07-19 07:59:57
KEY/USDT,0.005252,2024-07-19 07:41:29,0.01,2024-07-19 07:59:57,0.00533,2024-07-19 04:00:00,0.51,-0.96,Candles Exceeded,2,2024-07-19 07:59:57
WRX/USDT,0.1418,2024-07-19 07:41:59,0.14,2024-07-19 07:59:57,0.1436,2024-07-19 04:00:00,0.21,-1.04,Candles Exceeded,2,2024-07-19 07:59:57
COTI/USDT,0.09264,2024-07-19 07:42:05,0.09,2024-07-19 07:59:57,0.09372,2024-07-19 04:00:00,-0.14,-1.29,Candles Exceeded,2,2024-07-19 07:59:57
UMA/USDT,2.187,2024-07-19 07:43:01,2.18,2024-07-19 07:59:57,2.213,2024-07-19 04:00:00,-0.23,-1.4,Candles Exceeded,2,2024-07-19 07:59:57
GRT/USDT,0.202,2024-07-19 07:43:37,0.2,2024-07-19 07:59:57,0.2051,2024-07-19 04:00:00,-0.25,-1.76,Candles Exceeded,2,2024-07-19 07:59:57
DODO/USDT,0.1187,2024-07-19 07:43:57,0.12,2024-07-19 07:59:57,0.1208,2024-07-19 04:00:00,0.08,-1.66,Candles Exceeded,2,2024-07-19 07:59:57
MINA/USDT,0.5325,2024-07-19 07:44:48,0.53,2024-07-19 07:59:57,0.5392,2024-07-19 04:00:00,-0.11,-1.35,Candles Exceeded,2,2024-07-19 07:59:57
BEAMX/USDT,0.01788,2024-07-19 07:47:50,0.02,2024-07-19 07:59:57,0.01807,2024-07-19 04:00:00,-0.22,-1.27,Candles Exceeded,2,2024-07-19 07:59:57
REN/USDT,0.04939,2024-07-19 07:50:50,0.05,2024-07-19 07:59:57,0.0499,2024-07-19 04:00:00,0.04,-0.98,Candles Exceeded,2,2024-07-19 07:59:57
KNC/USDT,0.5519,2024-07-19 07:51:27,0.55,2024-07-19 07:59:57,0.5581,2024-07-19 04:00:00,0.2,-0.91,Candles Exceeded,2,2024-07-19 07:59:57
AVA/USDT,0.627,2024-07-19 07:52:42,0.63,2024-07-19 07:59:57,0.6338,2024-07-19 04:00:00,0.19,-0.88,Candles Exceeded,2,2024-07-19 07:59:57
MOVR/USDT,10.801,2024-07-19 07:54:38,10.82,2024-07-19 07:59:57,10.941,2024-07-19 04:00:00,0.17,-1.12,Candles Exceeded,2,2024-07-19 07:59:57
PROS/USDT,0.3739,2024-07-19 07:55:58,0.37,2024-07-19 07:59:57,0.3781,2024-07-19 04:00:00,0.24,-0.87,Candles Exceeded,2,2024-07-19 07:59:57
LQTY/USDT,0.855,2024-07-19 07:56:04,0.85,2024-07-19 07:59:57,0.864,2024-07-19 04:00:00,-0.12,-1.16,Candles Exceeded,2,2024-07-19 07:59:57
PROM/USDT,7.146,2024-07-19 07:56:11,7.12,2024-07-19 07:59:57,7.224,2024-07-19 04:00:00,-0.29,-1.37,Candles Exceeded,2,2024-07-19 07:59:57
REEF/USDT,0.00148,2024-07-19 08:11:33,0.0,2024-07-19 08:32:05,0.001495,2024-07-19 08:00:00,1.08,0.07,Profit Reached,1,2024-07-19 08:32:05
IDEX/USDT,0.04228,2024-07-19 08:13:04,0.04,2024-07-19 12:00:03,0.04271,2024-07-19 08:00:00,-0.21,-1.22,Candles Exceeded,2,2024-07-19 12:00:03
YGG/USDT,0.5069,2024-07-19 08:13:11,0.51,2024-07-19 12:00:03,0.5124,2024-07-19 08:00:00,0.12,-0.96,Candles Exceeded,2,2024-07-19 12:00:03
BICO/USDT,0.3367,2024-07-19 08:13:51,0.33,2024-07-19 12:00:03,0.3415,2024-07-19 08:00:00,-0.56,-1.96,Candles Exceeded,2,2024-07-19 12:00:03
BTTC/USDT,8.6e-07,2024-07-19 08:14:13,0.0,2024-07-19 09:10:06,8.7e-07,2024-07-19 08:00:00,2.33,1.15,Profit Reached,1,2024-07-19 09:10:06
LEVER/USDT,0.002387,2024-07-19 08:14:37,0.0,2024-07-19 08:45:34,0.002414,2024-07-19 08:00:00,1.21,0.08,Profit Reached,1,2024-07-19 08:45:34
HFT/USDT,0.1934,2024-07-19 08:14:46,0.19,2024-07-19 12:00:03,0.1958,2024-07-19 08:00:00,0.41,-0.82,Candles Exceeded,2,2024-07-19 12:00:03
PHB/USDT,1.6975,2024-07-19 08:14:48,1.72,2024-07-19 08:45:17,1.717,2024-07-19 08:00:00,1.18,0.03,Profit Reached,1,2024-07-19 08:45:17
MAGIC/USDT,0.5196,2024-07-19 08:14:50,0.52,2024-07-19 12:00:03,0.5282,2024-07-19 08:00:00,0.42,-1.21,Candles Exceeded,2,2024-07-19 12:00:03
USTC/USDT,0.01921,2024-07-19 08:15:05,0.02,2024-07-19 10:48:15,0.01946,2024-07-19 08:00:00,3.64,2.31,Profit Reached,1,2024-07-19 10:48:15
EDU/USDT,0.6937,2024-07-19 08:15:21,0.7,2024-07-19 08:32:05,0.7017,2024-07-19 08:00:00,1.24,0.09,Profit Reached,1,2024-07-19 08:32:05
MEME/USDT,0.01581,2024-07-19 08:15:51,0.02,2024-07-19 09:04:53,0.01598,2024-07-19 08:00:00,1.14,0.06,Profit Reached,1,2024-07-19 09:04:53
ACE/USDT,3.069,2024-07-19 08:16:05,3.11,2024-07-19 08:28:09,3.103,2024-07-19 08:00:00,1.27,0.16,Profit Reached,1,2024-07-19 08:28:09
NFP/USDT,0.2946,2024-07-19 08:16:07,0.3,2024-07-19 12:00:03,0.2986,2024-07-19 08:00:00,0.48,-0.87,Candles Exceeded,2,2024-07-19 12:00:03
XAI/USDT,0.37,2024-07-19 08:16:09,0.37,2024-07-19 08:37:28,0.3744,2024-07-19 08:00:00,1.24,0.05,Profit Reached,1,2024-07-19 08:37:28
MANTA/USDT,0.978,2024-07-19 08:16:11,0.99,2024-07-19 09:07:54,0.99,2024-07-19 08:00:00,1.33,0.1,Profit Reached,1,2024-07-19 09:07:54
PYTH/USDT,0.34,2024-07-19 08:16:15,0.34,2024-07-19 08:32:05,0.3439,2024-07-19 08:00:00,1.18,0.03,Profit Reached,1,2024-07-19 08:32:05
PIXEL/USDT,0.2148,2024-07-19 08:16:19,0.22,2024-07-19 08:32:05,0.2172,2024-07-19 08:00:00,1.26,0.14,Profit Reached,1,2024-07-19 08:32:05
PORTAL/USDT,0.4319,2024-07-19 08:16:21,0.44,2024-07-19 08:32:05,0.4372,2024-07-19 08:00:00,1.41,0.18,Profit Reached,1,2024-07-19 08:32:05
AXL/USDT,0.7194,2024-07-19 08:16:24,0.71,2024-07-19 12:00:03,0.7273,2024-07-19 08:00:00,-0.9,-1.98,Candles Exceeded,2,2024-07-19 12:00:03
IO/USDT,2.745,2024-07-19 08:16:44,2.79,2024-07-19 09:03:35,2.793,2024-07-19 08:00:00,1.79,0.04,Profit Reached,1,2024-07-19 09:03:35
NULS/USDT,0.3548,2024-07-19 08:18:10,0.36,2024-07-19 09:05:24,0.3588,2024-07-19 08:00:00,1.27,0.14,Profit Reached,1,2024-07-19 09:05:24
ZRX/USDT,0.3543,2024-07-19 08:18:20,0.36,2024-07-19 09:03:19,0.3586,2024-07-19 08:00:00,1.24,0.03,Profit Reached,1,2024-07-19 09:03:19
CHZ/USDT,0.0702,2024-07-19 08:18:56,0.07,2024-07-19 12:00:03,0.071,2024-07-19 08:00:00,0.0,-1.13,Candles Exceeded,2,2024-07-19 12:00:03
ARPA/USDT,0.04252,2024-07-19 08:19:08,0.04,2024-07-19 12:00:03,0.04296,2024-07-19 08:00:00,0.49,-0.54,Candles Exceeded,2,2024-07-19 12:00:03
TROY/USDT,0.001769,2024-07-19 08:19:14,0.0,2024-07-19 12:00:03,0.001793,2024-07-19 08:00:00,0.57,-0.78,Candles Exceeded,2,2024-07-19 12:00:03
NMR/USDT,13.94,2024-07-19 08:20:11,14.07,2024-07-19 12:00:03,14.12,2024-07-19 08:00:00,0.93,-0.35,Candles Exceeded,2,2024-07-19 12:00:03
LUNA/USDT,0.4189,2024-07-19 08:20:13,0.43,2024-07-19 10:48:15,0.4239,2024-07-19 08:00:00,3.56,2.34,Profit Reached,1,2024-07-19 10:48:15
WOO/USDT,0.1985,2024-07-19 08:23:44,0.2,2024-07-19 12:00:03,0.201,2024-07-19 08:00:00,0.15,-1.09,Candles Exceeded,2,2024-07-19 12:00:03
PROM/USDT,7.062,2024-07-19 08:24:28,7.04,2024-07-19 12:00:03,7.151,2024-07-19 08:00:00,-0.3,-1.54,Candles Exceeded,2,2024-07-19 12:00:03
OG/USDT,3.172,2024-07-19 08:30:03,3.18,2024-07-19 12:00:03,3.209,2024-07-19 08:00:00,0.38,-0.78,Candles Exceeded,2,2024-07-19 12:00:03
TLM/USDT,0.01272,2024-07-19 08:30:38,0.01,2024-07-19 09:53:53,0.01285,2024-07-19 08:00:00,1.1,0.08,Profit Reached,1,2024-07-19 09:53:53
AUDIO/USDT,0.1397,2024-07-19 09:14:57,0.14,2024-07-19 12:00:03,0.1412,2024-07-19 08:00:00,-0.5,-1.56,Candles Exceeded,2,2024-07-19 12:00:03
PYTH/USDT,0.3404,2024-07-19 09:28:49,0.34,2024-07-19 12:00:03,0.3439,2024-07-19 08:00:00,-0.41,-1.42,Candles Exceeded,2,2024-07-19 12:00:03
KEY/USDT,0.00522,2024-07-19 09:31:22,0.01,2024-07-19 10:35:42,0.005279,2024-07-19 08:00:00,1.17,0.04,Profit Reached,1,2024-07-19 10:35:42
SANTOS/USDT,2.763,2024-07-19 09:35:40,2.75,2024-07-19 12:00:03,2.791,2024-07-19 08:00:00,-0.62,-1.61,Candles Exceeded,2,2024-07-19 12:00:03
BTTC/USDT,8.6e-07,2024-07-19 09:36:02,0.0,2024-07-19 10:31:28,8.7e-07,2024-07-19 08:00:00,2.33,1.15,Profit Reached,1,2024-07-19 10:31:28
DUSK/USDT,0.2659,2024-07-19 09:40:20,0.27,2024-07-19 12:00:03,0.2698,2024-07-19 08:00:00,-0.08,-1.52,Candles Exceeded,2,2024-07-19 12:00:03
WAN/USDT,0.1957,2024-07-19 09:40:29,0.2,2024-07-19 12:00:03,0.1982,2024-07-19 08:00:00,-0.2,-1.46,Candles Exceeded,2,2024-07-19 12:00:03
REN/USDT,0.0489,2024-07-19 09:40:36,0.05,2024-07-19 12:00:03,0.04942,2024-07-19 08:00:00,-2.19,-3.22,Candles Exceeded,2,2024-07-19 12:00:03
KAVA/USDT,0.4084,2024-07-19 09:40:43,0.41,2024-07-19 12:00:03,0.4132,2024-07-19 08:00:00,0.78,-0.39,Candles Exceeded,2,2024-07-19 12:00:03
KNC/USDT,0.547,2024-07-19 09:41:15,0.55,2024-07-19 12:00:03,0.553,2024-07-19 08:00:00,0.53,-0.56,Candles Exceeded,2,2024-07-19 12:00:03
KSM/USDT,21.59,2024-07-19 09:41:50,21.63,2024-07-19 12:00:03,21.83,2024-07-19 08:00:00,0.19,-0.92,Candles Exceeded,2,2024-07-19 12:00:03
EGLD/USDT,35.03,2024-07-19 09:41:51,35.04,2024-07-19 12:00:03,35.41,2024-07-19 08:00:00,0.03,-1.04,Candles Exceeded,2,2024-07-19 12:00:03
AVA/USDT,0.6218,2024-07-19 09:42:27,0.62,2024-07-19 12:00:03,0.6281,2024-07-19 08:00:00,-0.29,-1.29,Candles Exceeded,2,2024-07-19 12:00:03
ERN/USDT,2.321,2024-07-19 09:43:30,2.32,2024-07-19 12:00:03,2.349,2024-07-19 08:00:00,0.04,-1.15,Candles Exceeded,2,2024-07-19 12:00:03
QI/USDT,0.01471,2024-07-19 09:44:33,0.01,2024-07-19 11:59:15,0.01488,2024-07-19 08:00:00,1.22,0.07,Profit Reached,1,2024-07-19 11:59:15
FXS/USDT,2.426,2024-07-19 09:44:46,2.45,2024-07-19 11:16:11,2.453,2024-07-19 08:00:00,1.15,0.04,Profit Reached,1,2024-07-19 11:16:11
ASTR/USDT,0.0785,2024-07-19 09:45:11,0.08,2024-07-19 12:00:03,0.0794,2024-07-19 08:00:00,0.25,-0.88,Candles Exceeded,2,2024-07-19 12:00:03
PHB/USDT,1.6953,2024-07-19 09:45:37,1.7,2024-07-19 12:00:03,1.717,2024-07-19 08:00:00,0.25,-1.02,Candles Exceeded,2,2024-07-19 12:00:03
GNS/USDT,3.313,2024-07-19 09:45:44,3.24,2024-07-19 12:00:03,3.353,2024-07-19 08:00:00,-2.26,-3.43,Candles Exceeded,2,2024-07-19 12:00:03
EDU/USDT,0.6929,2024-07-19 09:46:05,0.69,2024-07-19 12:00:03,0.7017,2024-07-19 08:00:00,-0.16,-1.41,Candles Exceeded,2,2024-07-19 12:00:03
MEME/USDT,0.01577,2024-07-19 09:46:35,0.02,2024-07-19 12:00:03,0.01598,2024-07-19 08:00:00,0.82,-0.5,Candles Exceeded,2,2024-07-19 12:00:03
MANTA/USDT,0.979,2024-07-19 09:46:53,0.98,2024-07-19 12:00:03,0.99,2024-07-19 08:00:00,0.2,-0.91,Candles Exceeded,2,2024-07-19 12:00:03
PIXEL/USDT,0.2148,2024-07-19 09:47:00,0.22,2024-07-19 12:00:03,0.2172,2024-07-19 08:00:00,0.51,-0.6,Candles Exceeded,2,2024-07-19 12:00:03
PORTAL/USDT,0.4325,2024-07-19 09:47:02,0.43,2024-07-19 12:00:03,0.4372,2024-07-19 08:00:00,-0.65,-1.72,Candles Exceeded,2,2024-07-19 12:00:03
IO/USDT,2.764,2024-07-19 09:47:24,2.79,2024-07-19 10:31:28,2.793,2024-07-19 08:00:00,1.12,0.07,Profit Reached,1,2024-07-19 10:31:28
AKRO/USDT,0.005157,2024-07-19 09:51:12,0.01,2024-07-19 12:00:03,0.00521,2024-07-19 08:00:00,0.56,-0.46,Candles Exceeded,2,2024-07-19 12:00:03
FIRO/USDT,1.286,2024-07-19 09:51:38,1.31,2024-07-19 10:11:00,1.3,2024-07-19 08:00:00,1.56,0.46,Profit Reached,1,2024-07-19 10:11:00
GTC/USDT,0.847,2024-07-19 09:52:21,0.85,2024-07-19 12:00:03,0.856,2024-07-19 08:00:00,0.24,-0.82,Candles Exceeded,2,2024-07-19 12:00:03
ALPINE/USDT,1.352,2024-07-19 09:53:56,1.36,2024-07-19 12:00:03,1.366,2024-07-19 08:00:00,0.44,-0.59,Candles Exceeded,2,2024-07-19 12:00:03
ADA/USDT,0.4171,2024-07-19 09:57:13,0.42,2024-07-19 12:00:03,0.4218,2024-07-19 08:00:00,0.89,-0.24,Candles Exceeded,2,2024-07-19 12:00:03
NULS/USDT,0.3546,2024-07-19 09:57:27,0.36,2024-07-19 12:00:03,0.3588,2024-07-19 08:00:00,0.65,-0.53,Candles Exceeded,2,2024-07-19 12:00:03
ZRX/USDT,0.355,2024-07-19 09:57:36,0.36,2024-07-19 10:28:53,0.3586,2024-07-19 08:00:00,1.04,0.03,Profit Reached,1,2024-07-19 10:28:53
STX/USDT,1.778,2024-07-19 09:58:15,1.8,2024-07-19 10:19:42,1.802,2024-07-19 08:00:00,1.41,0.06,Profit Reached,1,2024-07-19 10:19:42
FIL/USDT,4.321,2024-07-19 09:59:44,4.35,2024-07-19 12:00:03,4.369,2024-07-19 08:00:00,0.65,-0.46,Candles Exceeded,2,2024-07-19 12:00:03
JUV/USDT,1.857,2024-07-19 09:59:58,1.87,2024-07-19 12:00:03,1.876,2024-07-19 08:00:00,0.59,-0.43,Candles Exceeded,2,2024-07-19 12:00:03
DODO/USDT,0.1172,2024-07-19 10:00:18,0.12,2024-07-19 12:00:03,0.1188,2024-07-19 08:00:00,1.02,-0.34,Candles Exceeded,2,2024-07-19 12:00:03
TKO/USDT,0.3232,2024-07-19 10:00:36,0.32,2024-07-19 12:00:03,0.3266,2024-07-19 08:00:00,0.5,-0.55,Candles Exceeded,2,2024-07-19 12:00:03
ATA/USDT,0.0984,2024-07-19 10:00:57,0.1,2024-07-19 12:00:03,0.0994,2024-07-19 08:00:00,0.91,-0.1,Candles Exceeded,2,2024-07-19 12:00:03
SYS/USDT,0.1096,2024-07-19 10:01:34,0.11,2024-07-19 12:00:03,0.1111,2024-07-19 08:00:00,1.09,-0.27,Candles Exceeded,2,2024-07-19 12:00:03
JOE/USDT,0.3372,2024-07-19 10:02:19,0.34,2024-07-19 12:00:03,0.3409,2024-07-19 08:00:00,0.44,-0.65,Candles Exceeded,2,2024-07-19 12:00:03
LEVER/USDT,0.002387,2024-07-19 10:02:48,0.0,2024-07-19 12:00:03,0.002414,2024-07-19 08:00:00,0.84,-0.29,Candles Exceeded,2,2024-07-19 12:00:03
PROS/USDT,0.3709,2024-07-19 10:03:02,0.37,2024-07-19 12:00:03,0.3747,2024-07-19 08:00:00,0.75,-0.27,Candles Exceeded,2,2024-07-19 12:00:03
ACE/USDT,3.071,2024-07-19 10:04:05,3.11,2024-07-19 10:44:28,3.103,2024-07-19 08:00:00,1.14,0.1,Profit Reached,1,2024-07-19 10:44:28
VITE/USDT,0.01587,2024-07-19 10:06:52,0.02,2024-07-19 12:00:03,0.01608,2024-07-19 08:00:00,-1.76,-3.05,Candles Exceeded,2,2024-07-19 12:00:03
FIO/USDT,0.02527,2024-07-19 10:07:54,0.03,2024-07-19 12:00:03,0.02553,2024-07-19 08:00:00,1.07,0.04,Profit Reached,2,2024-07-19 12:00:03
REEF/USDT,0.00148,2024-07-19 10:08:28,0.0,2024-07-19 11:04:07,0.001495,2024-07-19 08:00:00,1.08,0.07,Profit Reached,1,2024-07-19 11:04:07
BTTC/USDT,8.6e-07,2024-07-19 10:52:02,0.0,2024-07-19 12:00:03,8.7e-07,2024-07-19 08:00:00,0.0,-1.15,Candles Exceeded,2,2024-07-19 12:00:03
KP3R/USDT,57.79,2024-07-19 11:16:37,57.42,2024-07-19 12:00:03,58.42,2024-07-19 08:00:00,-0.64,-1.71,Candles Exceeded,2,2024-07-19 12:00:03
TLM/USDT,0.01272,2024-07-19 11:48:43,0.01,2024-07-19 12:00:03,0.01285,2024-07-19 08:00:00,0.47,-0.54,Candles Exceeded,2,2024-07-19 12:00:03
MDX/USDT,0.03764,2024-07-20 04:12:02,0.04,2024-07-20 05:15:06,0.03825,2024-07-20 04:00:00,1.67,0.05,Profit Reached,1,2024-07-20 05:15:06
MDX/USDT,0.03771,2024-07-20 05:28:23,0.04,2024-07-20 07:12:06,0.03825,2024-07-20 04:00:00,1.88,0.44,Profit Reached,1,2024-07-20 07:12:06
BAKE/USDT,0.2879,2024-07-20 13:44:53,0.29,2024-07-20 14:22:01,0.2912,2024-07-20 12:00:00,1.18,0.03,Profit Reached,1,2024-07-20 14:22:01
MDX/USDT,0.0374,2024-07-20 14:04:08,0.04,2024-07-20 14:05:31,0.03778,2024-07-20 12:00:00,1.04,0.03,Profit Reached,1,2024-07-20 14:05:31
MDX/USDT,0.0371,2024-07-20 15:01:21,0.04,2024-07-20 16:00:07,0.03778,2024-07-20 12:00:00,-0.05,-1.85,Candles Exceeded,2,2024-07-20 16:00:07
BAKE/USDT,0.2883,2024-07-20 21:33:16,0.29,2024-07-21 00:00:04,0.2913,2024-07-20 20:00:00,0.38,-0.65,Candles Exceeded,2,2024-07-21 00:00:04
ACH/USDT,0.0254,2024-07-20 21:35:06,0.03,2024-07-21 00:00:04,0.02569,2024-07-20 20:00:00,0.43,-0.7,Candles Exceeded,2,2024-07-21 00:00:04
AST/USDT,0.0968,2024-07-20 23:40:14,0.1,2024-07-21 00:00:04,0.0978,2024-07-20 20:00:00,-0.21,-1.23,Candles Exceeded,2,2024-07-21 00:00:04
FARM/USDT,48.85,2024-07-21 00:44:18,48.96,2024-07-21 04:00:03,49.35,2024-07-21 00:00:00,0.23,-0.79,Candles Exceeded,2,2024-07-21 04:00:03
WLD/USDT,2.614,2024-07-21 00:56:32,2.65,2024-07-21 01:21:41,2.643,2024-07-21 00:00:00,1.19,0.08,Profit Reached,1,2024-07-21 01:21:41
AST/USDT,0.0956,2024-07-21 01:05:56,0.1,2024-07-21 01:41:38,0.0966,2024-07-21 00:00:00,1.15,0.1,Profit Reached,1,2024-07-21 01:41:38
FORTH/USDT,3.416,2024-07-21 05:01:05,3.39,2024-07-21 08:00:08,3.452,2024-07-21 04:00:00,-0.73,-1.77,Candles Exceeded,2,2024-07-21 08:00:08
MINA/USDT,0.5631,2024-07-21 05:11:08,0.56,2024-07-21 08:00:08,0.5692,2024-07-21 04:00:00,-0.14,-1.21,Candles Exceeded,2,2024-07-21 08:00:08
ATOM/USDT,6.429,2024-07-21 06:23:36,6.41,2024-07-21 08:00:08,6.507,2024-07-21 04:00:00,-0.28,-1.48,Candles Exceeded,2,2024-07-21 08:00:08
NKN/USDT,0.0833,2024-07-21 06:33:39,0.08,2024-07-21 08:00:08,0.0842,2024-07-21 04:00:00,-0.6,-1.66,Candles Exceeded,2,2024-07-21 08:00:08
SUSHI/USDT,0.736,2024-07-21 06:34:52,0.73,2024-07-21 08:00:08,0.745,2024-07-21 04:00:00,-0.82,-2.01,Candles Exceeded,2,2024-07-21 08:00:08
NULS/USDT,0.346,2024-07-21 07:01:05,0.35,2024-07-21 08:00:08,0.3511,2024-07-21 04:00:00,0.0,-1.45,Candles Exceeded,2,2024-07-21 08:00:08
UTK/USDT,0.05529,2024-07-21 07:03:29,0.06,2024-07-21 07:59:21,0.05589,2024-07-21 04:00:00,1.16,0.07,Profit Reached,1,2024-07-21 07:59:21
WAN/USDT,0.2,2024-07-21 13:41:54,0.2,2024-07-21 15:07:32,0.2031,2024-07-21 12:00:00,1.65,0.1,Profit Reached,1,2024-07-21 15:07:32
TROY/USDT,0.001777,2024-07-21 13:42:17,0.0,2024-07-21 14:40:26,0.001795,2024-07-21 12:00:00,1.07,0.06,Profit Reached,1,2024-07-21 14:40:26
VIDT/USDT,0.02204,2024-07-21 13:55:13,0.02,2024-07-21 15:02:36,0.02227,2024-07-21 12:00:00,1.09,0.04,Profit Reached,1,2024-07-21 15:02:36
DEXE/USDT,10.266,2024-07-21 14:04:21,10.4,2024-07-21 14:49:44,10.395,2024-07-21 12:00:00,1.28,0.02,Profit Reached,1,2024-07-21 14:49:44
WOO/USDT,0.2087,2024-07-21 14:05:58,0.21,2024-07-21 14:23:39,0.2116,2024-07-21 12:00:00,1.44,0.05,Profit Reached,1,2024-07-21 14:23:39
ADX/USDT,0.1795,2024-07-21 14:14:40,0.18,2024-07-21 16:00:08,0.1815,2024-07-21 12:00:00,0.11,-0.99,Candles Exceeded,2,2024-07-21 16:00:08
ZEN/USDT,12.15,2024-07-21 17:50:30,11.98,2024-07-21 20:00:06,12.3,2024-07-21 16:00:00,-1.4,-2.6,Candles Exceeded,2,2024-07-21 20:00:06
BLUR/USDT,0.2066,2024-07-21 17:56:11,0.21,2024-07-21 20:00:06,0.2092,2024-07-21 16:00:00,0.97,-0.29,Candles Exceeded,2,2024-07-21 20:00:06
YFI/USDT,5851.0,2024-07-21 18:00:18,5890.0,2024-07-21 20:00:06,5920.0,2024-07-21 16:00:00,0.67,-0.51,Candles Exceeded,2,2024-07-21 20:00:06
1INCH/USDT,0.4193,2024-07-21 18:01:23,0.42,2024-07-21 20:00:06,0.4253,2024-07-21 16:00:00,1.12,-0.31,Candles Exceeded,2,2024-07-21 20:00:06
STPT/USDT,0.0463,2024-07-21 18:09:19,0.05,2024-07-21 19:33:45,0.04718,2024-07-21 16:00:00,1.92,0.02,Profit Reached,1,2024-07-21 19:33:45
MDX/USDT,0.03134,2024-07-21 18:11:43,0.03,2024-07-21 20:00:06,0.03181,2024-07-21 16:00:00,-0.61,-2.07,Candles Exceeded,2,2024-07-21 20:00:06
UFT/USDT,0.2725,2024-07-21 18:14:30,0.28,2024-07-21 19:29:28,0.2781,2024-07-21 16:00:00,2.2,0.14,Profit Reached,1,2024-07-21 19:29:28
JUV/USDT,1.858,2024-07-21 18:20:21,1.88,2024-07-21 18:33:00,1.879,2024-07-21 16:00:00,1.4,0.27,Profit Reached,1,2024-07-21 18:33:00
MDX/USDT,0.03069,2024-07-21 20:52:23,0.03,2024-07-21 22:52:47,0.031,2024-07-21 20:00:00,1.14,0.13,Profit Reached,1,2024-07-21 22:52:47
MDX/USDT,0.03051,2024-07-21 22:56:31,0.03,2024-07-22 00:00:05,0.031,2024-07-21 20:00:00,-3.77,-5.29,Candles Exceeded,2,2024-07-22 00:00:05
DOCK/USDT,0.00426,2024-07-22 00:09:40,0.0,2024-07-22 00:24:45,0.00436,2024-07-22 00:00:00,7.04,4.59,Profit Reached,1,2024-07-22 00:24:45
BAT/USDT,0.2037,2024-07-22 00:37:50,0.2,2024-07-22 04:00:03,0.2059,2024-07-22 00:00:00,-1.28,-2.33,Candles Exceeded,2,2024-07-22 04:00:03
WAN/USDT,0.1992,2024-07-22 00:38:20,0.2,2024-07-22 04:00:03,0.2059,2024-07-22 00:00:00,1.71,-1.6,Candles Exceeded,2,2024-07-22 04:00:03
SNT/USDT,0.02571,2024-07-22 01:03:28,0.03,2024-07-22 04:00:03,0.02605,2024-07-22 00:00:00,-0.39,-1.69,Candles Exceeded,2,2024-07-22 04:00:03
KNC/USDT,0.568,2024-07-22 01:17:05,0.56,2024-07-22 04:00:03,0.5744,2024-07-22 00:00:00,-1.39,-2.49,Candles Exceeded,2,2024-07-22 04:00:03
CELO/USDT,0.6011,2024-07-22 01:18:34,0.59,2024-07-22 04:00:03,0.6087,2024-07-22 00:00:00,-1.05,-2.28,Candles Exceeded,2,2024-07-22 04:00:03
PERP/USDT,0.713,2024-07-22 01:18:58,0.72,2024-07-22 04:00:03,0.725,2024-07-22 00:00:00,0.7,-0.97,Candles Exceeded,2,2024-07-22 04:00:03
THETA/USDT,1.624,2024-07-22 01:25:21,1.61,2024-07-22 04:00:03,1.645,2024-07-22 00:00:00,-0.55,-1.82,Candles Exceeded,2,2024-07-22 04:00:03
ONE/USDT,0.01553,2024-07-22 01:25:27,0.02,2024-07-22 04:00:03,0.01571,2024-07-22 00:00:00,-0.52,-1.65,Candles Exceeded,2,2024-07-22 04:00:03
ANKR/USDT,0.03212,2024-07-22 01:25:34,0.03,2024-07-22 04:00:03,0.03247,2024-07-22 00:00:00,-0.56,-1.63,Candles Exceeded,2,2024-07-22 04:00:03
FLM/USDT,0.0723,2024-07-22 01:46:05,0.07,2024-07-22 04:00:03,0.0732,2024-07-22 00:00:00,-1.11,-2.32,Candles Exceeded,2,2024-07-22 04:00:03
ADA/USDT,0.4416,2024-07-22 01:52:51,0.44,2024-07-22 04:00:03,0.4469,2024-07-22 00:00:00,-0.66,-1.83,Candles Exceeded,2,2024-07-22 04:00:03
ICX/USDT,0.1651,2024-07-22 01:53:03,0.17,2024-07-22 04:00:03,0.1668,2024-07-22 00:00:00,-0.06,-1.08,Candles Exceeded,2,2024-07-22 04:00:03
DOCK/USDT,0.00426,2024-07-22 01:53:39,0.0,2024-07-22 02:00:31,0.00436,2024-07-22 00:00:00,2.58,0.23,Profit Reached,1,2024-07-22 02:00:31
MANA/USDT,0.3594,2024-07-22 01:54:42,0.35,2024-07-22 04:00:03,0.3631,2024-07-22 00:00:00,-1.34,-2.34,Candles Exceeded,2,2024-07-22 04:00:03
UNI/USDT,8.042,2024-07-22 01:55:15,8.0,2024-07-22 04:00:03,8.124,2024-07-22 00:00:00,-0.53,-1.54,Candles Exceeded,2,2024-07-22 04:00:03
ACH/USDT,0.02578,2024-07-22 01:58:19,0.03,2024-07-22 04:00:03,0.02607,2024-07-22 00:00:00,-0.85,-1.96,Candles Exceeded,2,2024-07-22 04:00:03
OP/USDT,1.953,2024-07-22 01:58:50,1.95,2024-07-22 04:00:03,1.973,2024-07-22 00:00:00,0.05,-0.96,Candles Exceeded,2,2024-07-22 04:00:03
XLM/USDT,0.1039,2024-07-22 02:11:24,0.1,2024-07-22 04:00:03,0.1054,2024-07-22 00:00:00,-0.38,-1.8,Candles Exceeded,2,2024-07-22 04:00:03
DOCK/USDT,0.00412,2024-07-22 02:12:04,0.0,,0.00436,2024-07-22 00:00:00,-5.34,-10.55,,1,2024-07-27 18:04:56
NFP/USDT,0.3087,2024-07-22 02:18:36,0.31,2024-07-22 04:00:03,0.3119,2024-07-22 00:00:00,-1.17,-2.18,Candles Exceeded,2,2024-07-22 04:00:03
ROSE/USDT,0.09592,2024-07-22 03:08:39,0.1,2024-07-22 04:00:03,0.09699,2024-07-22 00:00:00,-0.91,-2.0,Candles Exceeded,2,2024-07-22 04:00:03
ARB/USDT,0.7924,2024-07-22 03:30:30,0.79,2024-07-22 04:00:03,0.8026,2024-07-22 00:00:00,-0.37,-1.63,Candles Exceeded,2,2024-07-22 04:00:03
AI/USDT,0.622,2024-07-22 03:31:20,0.62,2024-07-22 04:00:03,0.629,2024-07-22 00:00:00,-0.32,-1.43,Candles Exceeded,2,2024-07-22 04:00:03
SNX/USDT,1.896,2024-07-22 03:34:47,1.89,2024-07-22 04:00:03,1.916,2024-07-22 00:00:00,-0.26,-1.3,Candles Exceeded,2,2024-07-22 04:00:03
FIO/USDT,0.02522,2024-07-22 03:35:22,0.03,2024-07-22 04:00:03,0.02556,2024-07-22 00:00:00,-0.52,-1.84,Candles Exceeded,2,2024-07-22 04:00:03
GRT/USDT,0.2169,2024-07-22 03:44:55,0.22,2024-07-22 04:00:03,0.2191,2024-07-22 00:00:00,-0.18,-1.19,Candles Exceeded,2,2024-07-22 04:00:03
DOT/USDT,6.364,2024-07-22 03:53:10,6.37,2024-07-22 04:00:03,6.43,2024-07-22 00:00:00,0.11,-0.92,Candles Exceeded,2,2024-07-22 04:00:03
SUSHI/USDT,0.751,2024-07-22 03:53:16,0.75,2024-07-22 04:00:03,0.759,2024-07-22 00:00:00,-0.13,-1.19,Candles Exceeded,2,2024-07-22 04:00:03
LIT/USDT,0.801,2024-07-22 03:54:09,0.8,2024-07-22 04:00:03,0.81,2024-07-22 00:00:00,0.0,-1.11,Candles Exceeded,2,2024-07-22 04:00:03
RDNT/USDT,0.1039,2024-07-22 03:57:35,0.1,2024-07-22 04:00:03,0.1051,2024-07-22 00:00:00,-0.1,-1.24,Candles Exceeded,2,2024-07-22 04:00:03
VIB/USDT,0.07685,2024-07-22 04:16:18,0.08,2024-07-22 08:00:06,0.07763,2024-07-22 04:00:00,-2.26,-3.25,Candles Exceeded,2,2024-07-22 08:00:06
BAND/USDT,1.448,2024-07-22 04:29:48,1.43,2024-07-22 08:00:06,1.467,2024-07-22 04:00:00,-1.31,-2.59,Candles Exceeded,2,2024-07-22 08:00:06
GMX/USDT,32.98,2024-07-22 05:03:29,33.05,2024-07-22 08:00:06,33.32,2024-07-22 04:00:00,0.21,-0.81,Candles Exceeded,2,2024-07-22 08:00:06
RIF/USDT,0.0914,2024-07-22 05:09:58,0.09,2024-07-22 08:00:06,0.0926,2024-07-22 04:00:00,-2.19,-3.46,Candles Exceeded,2,2024-07-22 08:00:06
LSK/USDT,1.062,2024-07-22 05:17:31,1.05,2024-07-22 08:00:06,1.075,2024-07-22 04:00:00,-1.51,-2.7,Candles Exceeded,2,2024-07-22 08:00:06
DENT/USDT,0.001015,2024-07-22 05:40:18,0.0,2024-07-22 08:00:06,0.001027,2024-07-22 04:00:00,-1.58,-2.73,Candles Exceeded,2,2024-07-22 08:00:06
LTO/USDT,0.1233,2024-07-22 05:40:52,0.12,2024-07-22 08:00:06,0.1246,2024-07-22 04:00:00,-1.14,-2.17,Candles Exceeded,2,2024-07-22 08:00:06
XEC/USDT,3.558e-05,2024-07-22 05:43:55,0.0,2024-07-22 08:00:06,3.6e-05,2024-07-22 04:00:00,-0.96,-2.11,Candles Exceeded,2,2024-07-22 08:00:06
IMX/USDT,1.606,2024-07-22 05:45:00,1.59,2024-07-22 08:00:06,1.6293,2024-07-22 04:00:00,-0.87,-2.29,Candles Exceeded,2,2024-07-22 08:00:06
WOO/USDT,0.2118,2024-07-22 05:45:13,0.21,2024-07-22 08:00:06,0.2155,2024-07-22 04:00:00,-1.61,-3.29,Candles Exceeded,2,2024-07-22 08:00:06
T/USDT,0.02396,2024-07-22 05:45:15,0.02,2024-07-22 08:00:06,0.02434,2024-07-22 04:00:00,-0.46,-2.01,Candles Exceeded,2,2024-07-22 08:00:06
CYBER/USDT,4.652,2024-07-22 05:46:32,4.62,2024-07-22 08:00:06,4.707,2024-07-22 04:00:00,-0.64,-1.81,Candles Exceeded,2,2024-07-22 08:00:06
FORTH/USDT,3.426,2024-07-22 05:52:29,3.42,2024-07-22 08:00:06,3.465,2024-07-22 04:00:00,-0.23,-1.36,Candles Exceeded,2,2024-07-22 08:00:06
ADX/USDT,0.1749,2024-07-22 06:06:34,0.17,2024-07-22 08:00:06,0.1767,2024-07-22 04:00:00,-0.86,-1.87,Candles Exceeded,2,2024-07-22 08:00:06
SNT/USDT,0.02524,2024-07-22 06:31:54,0.03,2024-07-22 08:00:06,0.02561,2024-07-22 04:00:00,-0.59,-2.03,Candles Exceeded,2,2024-07-22 08:00:06
JUV/USDT,1.874,2024-07-22 06:37:18,1.89,2024-07-22 07:07:58,1.893,2024-07-22 04:00:00,1.07,0.05,Profit Reached,1,2024-07-22 07:07:58
MTL/USDT,1.118,2024-07-22 07:11:46,1.11,2024-07-22 08:00:06,1.132,2024-07-22 04:00:00,-0.27,-1.5,Candles Exceeded,2,2024-07-22 08:00:06
JUV/USDT,1.874,2024-07-22 07:32:12,1.88,2024-07-22 08:00:06,1.893,2024-07-22 04:00:00,0.48,-0.53,Candles Exceeded,2,2024-07-22 08:00:06
SKL/USDT,0.05021,2024-07-22 08:56:36,0.05,2024-07-22 10:02:56,0.05072,2024-07-22 08:00:00,1.08,0.06,Profit Reached,1,2024-07-22 10:02:56
CHR/USDT,0.2472,2024-07-22 11:18:04,0.25,2024-07-22 12:00:04,0.263,2024-07-22 08:00:00,2.47,-3.69,Candles Exceeded,2,2024-07-22 12:00:04
PHA/USDT,0.1305,2024-07-22 14:02:30,0.13,2024-07-22 16:00:11,0.132,2024-07-22 12:00:00,-0.84,-1.97,Candles Exceeded,2,2024-07-22 16:00:11
DATA/USDT,0.03756,2024-07-22 16:51:14,0.04,2024-07-22 20:00:06,0.03794,2024-07-22 16:00:00,0.61,-0.4,Candles Exceeded,2,2024-07-22 20:00:06
BLZ/USDT,0.1817,2024-07-22 17:10:40,0.18,2024-07-22 19:44:31,0.1839,2024-07-22 16:00:00,1.27,0.05,Profit Reached,1,2024-07-22 19:44:31
LDO/USDT,1.818,2024-07-22 20:34:10,1.78,2024-07-23 00:00:03,1.837,2024-07-22 20:00:00,-1.82,-2.83,Candles Exceeded,2,2024-07-23 00:00:03
IO/USDT,2.805,2024-07-22 20:36:23,2.74,2024-07-23 00:00:03,2.839,2024-07-22 20:00:00,-2.42,-3.59,Candles Exceeded,2,2024-07-23 00:00:03
TNSR/USDT,0.5355,2024-07-22 21:04:45,0.51,2024-07-23 00:00:03,0.5415,2024-07-22 20:00:00,-5.14,-6.19,Candles Exceeded,2,2024-07-23 00:00:03
RLC/USDT,1.957,2024-07-22 21:07:19,1.92,2024-07-23 00:00:03,1.981,2024-07-22 20:00:00,-1.79,-2.98,Candles Exceeded,2,2024-07-23 00:00:03
C98/USDT,0.1683,2024-07-22 21:10:21,0.17,2024-07-23 00:00:03,0.17,2024-07-22 20:00:00,-1.49,-2.47,Candles Exceeded,2,2024-07-23 00:00:03
FRONT/USDT,0.926,2024-07-22 21:10:58,0.9,2024-07-23 00:00:03,0.937,2024-07-22 20:00:00,-2.92,-4.06,Candles Exceeded,2,2024-07-23 00:00:03
LEVER/USDT,0.002348,2024-07-22 21:12:16,0.0,2024-07-23 00:00:03,0.00238,2024-07-22 20:00:00,-2.73,-4.03,Candles Exceeded,2,2024-07-23 00:00:03
ORN/USDT,1.477,2024-07-22 21:18:13,1.47,2024-07-23 00:00:03,1.492,2024-07-22 20:00:00,-0.74,-1.74,Candles Exceeded,2,2024-07-23 00:00:03
DEXE/USDT,9.95,2024-07-22 21:19:46,9.8,2024-07-23 00:00:03,10.051,2024-07-22 20:00:00,-1.49,-2.48,Candles Exceeded,2,2024-07-23 00:00:03
ILV/USDT,72.25,2024-07-22 21:20:16,70.7,2024-07-23 00:00:03,73.11,2024-07-22 20:00:00,-2.15,-3.3,Candles Exceeded,2,2024-07-23 00:00:03
SYS/USDT,0.1083,2024-07-22 21:20:18,0.11,2024-07-23 00:00:03,0.1096,2024-07-22 20:00:00,-0.92,-2.1,Candles Exceeded,2,2024-07-23 00:00:03
ARB/USDT,0.7692,2024-07-22 21:22:16,0.76,2024-07-23 00:00:03,0.7806,2024-07-22 20:00:00,-1.22,-2.66,Candles Exceeded,2,2024-07-23 00:00:03
STX/USDT,1.861,2024-07-22 21:26:06,1.84,2024-07-23 00:00:03,1.882,2024-07-22 20:00:00,-1.34,-2.44,Candles Exceeded,2,2024-07-23 00:00:03
AAVE/USDT,94.39,2024-07-22 21:27:39,94.14,2024-07-23 00:00:03,95.55,2024-07-22 20:00:00,-0.26,-1.48,Candles Exceeded,2,2024-07-23 00:00:03
AVA/USDT,0.6412,2024-07-22 21:27:55,0.63,2024-07-23 00:00:03,0.6508,2024-07-22 20:00:00,-1.86,-3.3,Candles Exceeded,2,2024-07-23 00:00:03
RIF/USDT,0.0875,2024-07-22 21:28:10,0.09,2024-07-23 00:00:03,0.0888,2024-07-22 20:00:00,-1.03,-2.48,Candles Exceeded,2,2024-07-23 00:00:03
LIT/USDT,0.773,2024-07-22 21:28:16,0.74,2024-07-23 00:00:03,0.784,2024-07-22 20:00:00,-4.14,-5.48,Candles Exceeded,2,2024-07-23 00:00:03
PERP/USDT,0.6755,2024-07-22 21:28:32,0.67,2024-07-23 00:00:03,0.6854,2024-07-22 20:00:00,-1.3,-2.73,Candles Exceeded,2,2024-07-23 00:00:03
AR/USDT,31.62,2024-07-22 21:28:50,31.38,2024-07-23 00:00:03,32.11,2024-07-22 20:00:00,-0.76,-2.27,Candles Exceeded,2,2024-07-23 00:00:03
BICO/USDT,0.3325,2024-07-22 21:30:14,0.32,2024-07-23 00:00:03,0.336,2024-07-22 20:00:00,-2.47,-3.48,Candles Exceeded,2,2024-07-23 00:00:03
ASTR/USDT,0.0767,2024-07-22 21:57:51,0.08,2024-07-23 00:00:03,0.0775,2024-07-22 20:00:00,-0.78,-1.81,Candles Exceeded,2,2024-07-23 00:00:03
OMNI/USDT,12.86,2024-07-22 22:09:07,12.61,2024-07-23 00:00:03,13.16,2024-07-22 20:00:00,-1.94,-4.18,Candles Exceeded,2,2024-07-23 00:00:03
OOKI/USDT,0.001658,2024-07-22 22:15:39,0.0,2024-07-23 00:00:03,0.001676,2024-07-22 20:00:00,-0.12,-1.19,Candles Exceeded,2,2024-07-23 00:00:03
VTHO/USDT,0.002636,2024-07-22 23:14:49,0.0,2024-07-23 00:00:03,0.002671,2024-07-22 20:00:00,0.42,-0.9,Candles Exceeded,2,2024-07-23 00:00:03
LIT/USDT,0.732,2024-07-23 00:29:37,0.74,2024-07-23 00:49:33,0.74,2024-07-23 00:00:00,1.23,0.14,Profit Reached,1,2024-07-23 00:49:33
ICX/USDT,0.1611,2024-07-23 01:04:26,0.16,2024-07-23 04:00:04,0.1634,2024-07-23 00:00:00,-0.12,-1.53,Candles Exceeded,2,2024-07-23 04:00:04
VTHO/USDT,0.002629,2024-07-23 04:34:25,0.0,2024-07-23 08:00:15,0.00266,2024-07-23 04:00:00,-1.37,-2.52,Candles Exceeded,2,2024-07-23 08:00:15
OP/USDT,1.906,2024-07-23 04:38:42,1.83,2024-07-23 07:59:59,1.926,2024-07-23 04:00:00,-4.14,-5.14,Candles Exceeded,2,2024-07-23 07:59:59
VIB/USDT,0.0734,2024-07-23 04:39:04,0.07,2024-07-23 08:00:15,0.07416,2024-07-23 04:00:00,-1.21,-2.22,Candles Exceeded,2,2024-07-23 08:00:15
KNC/USDT,0.5368,2024-07-23 04:43:44,0.53,2024-07-23 08:00:15,0.5448,2024-07-23 04:00:00,-1.64,-3.08,Candles Exceeded,2,2024-07-23 08:00:15
GTC/USDT,0.86,2024-07-23 04:46:04,0.84,2024-07-23 08:00:15,0.87,2024-07-23 04:00:00,-1.74,-2.87,Candles Exceeded,2,2024-07-23 08:00:15
OAX/USDT,0.1676,2024-07-23 05:16:51,0.17,2024-07-23 07:59:59,0.1694,2024-07-23 04:00:00,-0.95,-2.01,Candles Exceeded,2,2024-07-23 07:59:59
MKR/USDT,2683.0,2024-07-23 05:21:24,2687.0,2024-07-23 07:59:59,2717.0,2024-07-23 04:00:00,0.15,-1.1,Candles Exceeded,2,2024-07-23 07:59:59
WIF/USDT,2.597,2024-07-23 09:21:50,2.55,2024-07-23 12:00:10,2.635,2024-07-23 08:00:00,-1.93,-3.34,Candles Exceeded,2,2024-07-23 12:00:10
TRU/USDT,0.1224,2024-07-23 11:57:55,0.12,2024-07-23 12:00:10,0.1237,2024-07-23 08:00:00,0.0,-1.05,Candles Exceeded,2,2024-07-23 12:00:10
FARM/USDT,47.8,2024-07-23 12:27:30,47.29,2024-07-23 16:00:06,48.41,2024-07-23 12:00:00,-1.07,-2.31,Candles Exceeded,2,2024-07-23 16:00:06
ALT/USDT,0.1439,2024-07-23 12:30:54,0.15,2024-07-23 13:49:35,0.1497,2024-07-23 12:00:00,7.64,3.47,Profit Reached,1,2024-07-23 13:49:35
DUSK/USDT,0.2498,2024-07-23 12:33:24,0.24,2024-07-23 16:00:06,0.2536,2024-07-23 12:00:00,-2.2,-3.67,Candles Exceeded,2,2024-07-23 16:00:06
KSM/USDT,21.68,2024-07-23 12:35:00,21.65,2024-07-23 16:00:06,21.96,2024-07-23 12:00:00,-0.14,-1.41,Candles Exceeded,2,2024-07-23 16:00:06
AGLD/USDT,0.958,2024-07-23 12:37:30,0.97,2024-07-23 14:32:55,0.968,2024-07-23 12:00:00,1.15,0.1,Profit Reached,1,2024-07-23 14:32:55
MOVR/USDT,11.119,2024-07-23 13:05:52,10.96,2024-07-23 16:00:06,11.236,2024-07-23 12:00:00,-1.46,-2.48,Candles Exceeded,2,2024-07-23 16:00:06
ARPA/USDT,0.04225,2024-07-23 13:11:21,0.04,2024-07-23 14:26:37,0.04271,2024-07-23 12:00:00,1.14,0.05,Profit Reached,1,2024-07-23 14:26:37
IOTX/USDT,0.04607,2024-07-23 13:11:23,0.05,2024-07-23 13:35:08,0.04661,2024-07-23 12:00:00,1.22,0.04,Profit Reached,1,2024-07-23 13:35:08
WING/USDT,5.12,2024-07-23 13:12:39,5.06,2024-07-23 16:00:06,5.18,2024-07-23 12:00:00,-1.17,-2.32,Candles Exceeded,2,2024-07-23 16:00:06
ERN/USDT,2.336,2024-07-23 13:14:16,2.31,2024-07-23 16:00:06,2.368,2024-07-23 12:00:00,-1.11,-2.45,Candles Exceeded,2,2024-07-23 16:00:06
REQ/USDT,0.1104,2024-07-23 13:14:38,0.11,2024-07-23 14:38:48,0.112,2024-07-23 12:00:00,1.54,0.09,Profit Reached,1,2024-07-23 14:38:48
VOXEL/USDT,0.162,2024-07-23 13:15:36,0.16,2024-07-23 16:00:06,0.1644,2024-07-23 12:00:00,0.0,-1.46,Candles Exceeded,2,2024-07-23 16:00:06
SPELL/USDT,0.0006642,2024-07-23 13:15:43,0.0,2024-07-23 13:35:08,0.0006719,2024-07-23 12:00:00,1.31,0.15,Profit Reached,1,2024-07-23 13:35:08
APE/USDT,0.809,2024-07-23 13:16:06,0.82,2024-07-23 14:36:24,0.819,2024-07-23 12:00:00,1.36,0.12,Profit Reached,1,2024-07-23 14:36:24
LQTY/USDT,0.829,2024-07-23 13:16:42,0.84,2024-07-23 14:41:18,0.838,2024-07-23 12:00:00,1.21,0.12,Profit Reached,1,2024-07-23 14:41:18
CHZ/USDT,0.0707,2024-07-23 13:20:31,0.07,2024-07-23 14:32:38,0.0715,2024-07-23 12:00:00,1.27,0.14,Profit Reached,1,2024-07-23 14:32:38
LEVER/USDT,0.002241,2024-07-23 13:25:29,0.0,2024-07-23 14:19:41,0.002265,2024-07-23 12:00:00,1.12,0.04,Profit Reached,1,2024-07-23 14:19:41
PHB/USDT,1.729,2024-07-23 13:25:40,1.75,2024-07-23 14:36:08,1.747,2024-07-23 12:00:00,1.16,0.11,Profit Reached,1,2024-07-23 14:36:08
WAN/USDT,0.1968,2024-07-23 13:29:36,0.2,2024-07-23 14:35:36,0.1992,2024-07-23 12:00:00,1.27,0.05,Profit Reached,1,2024-07-23 14:35:36
EGLD/USDT,34.84,2024-07-23 13:30:59,34.92,2024-07-23 16:00:06,35.39,2024-07-23 12:00:00,0.23,-1.33,Candles Exceeded,2,2024-07-23 16:00:06
FLM/USDT,0.0696,2024-07-23 13:31:12,0.07,2024-07-23 14:32:21,0.0706,2024-07-23 12:00:00,1.58,0.14,Profit Reached,1,2024-07-23 14:32:21
AXS/USDT,6.048,2024-07-23 13:31:29,6.12,2024-07-23 13:35:46,6.12,2024-07-23 12:00:00,1.22,0.03,Profit Reached,1,2024-07-23 13:35:46
POND/USDT,0.01815,2024-07-23 13:32:07,0.02,2024-07-23 14:34:48,0.01847,2024-07-23 12:00:00,1.82,0.05,Profit Reached,1,2024-07-23 14:34:48
TKO/USDT,0.3077,2024-07-23 13:32:17,0.31,2024-07-23 14:21:57,0.311,2024-07-23 12:00:00,1.17,0.1,Profit Reached,1,2024-07-23 14:21:57
ALPACA/USDT,0.1259,2024-07-23 13:32:55,0.13,2024-07-23 14:52:49,0.1284,2024-07-23 12:00:00,2.07,0.08,Profit Reached,1,2024-07-23 14:52:49
QUICK/USDT,0.04137,2024-07-23 13:32:56,0.04,2024-07-23 16:00:06,0.04193,2024-07-23 12:00:00,-0.82,-2.15,Candles Exceeded,2,2024-07-23 16:00:06
VIDT/USDT,0.02114,2024-07-23 13:33:09,0.02,2024-07-23 14:42:40,0.02151,2024-07-23 12:00:00,1.8,0.05,Profit Reached,1,2024-07-23 14:42:40
DF/USDT,0.03334,2024-07-23 13:33:17,0.03,2024-07-23 14:53:02,0.0338,2024-07-23 12:00:00,1.56,0.18,Profit Reached,1,2024-07-23 14:53:02
PORTO/USDT,1.476,2024-07-23 13:33:40,1.5,2024-07-23 14:29:31,1.496,2024-07-23 12:00:00,1.42,0.07,Profit Reached,1,2024-07-23 14:29:31
HIGH/USDT,1.718,2024-07-23 13:33:56,1.75,2024-07-23 13:35:46,1.745,2024-07-23 12:00:00,1.8,0.23,Profit Reached,1,2024-07-23 13:35:46
OSMO/USDT,0.5114,2024-07-23 13:34:40,0.52,2024-07-23 14:27:46,0.5169,2024-07-23 12:00:00,1.15,0.08,Profit Reached,1,2024-07-23 14:27:46
PROS/USDT,0.3762,2024-07-23 13:34:48,0.38,2024-07-23 14:38:34,0.3818,2024-07-23 12:00:00,1.57,0.08,Profit Reached,1,2024-07-23 14:38:34
PROM/USDT,7.058,2024-07-23 13:35:00,7.16,2024-07-23 14:36:08,7.152,2024-07-23 12:00:00,1.43,0.1,Profit Reached,1,2024-07-23 14:36:08
HIGH/USDT,1.725,2024-07-23 13:42:49,1.75,2024-07-23 14:37:51,1.745,2024-07-23 12:00:00,1.28,0.11,Profit Reached,1,2024-07-23 14:37:51
SPELL/USDT,0.0006631,2024-07-23 13:42:54,0.0,2024-07-23 14:26:37,0.0006719,2024-07-23 12:00:00,1.34,0.01,Profit Reached,1,2024-07-23 14:26:37
JUP/USDT,0.9555,2024-07-23 13:44:54,0.97,2024-07-23 14:26:19,0.9694,2024-07-23 12:00:00,1.72,0.26,Profit Reached,1,2024-07-23 14:26:19
NOT/USDT,0.01423,2024-07-23 13:45:24,0.01,2024-07-23 14:25:42,0.01438,2024-07-23 12:00:00,1.26,0.21,Profit Reached,1,2024-07-23 14:25:42
AXS/USDT,6.04,2024-07-23 13:49:19,6.12,2024-07-23 14:26:37,6.12,2024-07-23 12:00:00,1.41,0.08,Profit Reached,1,2024-07-23 14:26:37
BSW/USDT,0.063,2024-07-23 13:52:03,0.06,2024-07-23 14:36:08,0.0637,2024-07-23 12:00:00,1.27,0.16,Profit Reached,1,2024-07-23 14:36:08
1000SATS/USDT,0.000251,2024-07-23 13:53:29,0.0,2024-07-23 14:07:35,0.0002547,2024-07-23 12:00:00,1.51,0.04,Profit Reached,1,2024-07-23 14:07:35
WIF/USDT,2.516,2024-07-23 13:53:51,2.55,2024-07-23 14:15:30,2.547,2024-07-23 12:00:00,1.39,0.16,Profit Reached,1,2024-07-23 14:15:30
ALPACA/USDT,0.1269,2024-07-23 15:29:55,0.13,2024-07-23 16:00:06,0.1284,2024-07-23 12:00:00,-0.32,-1.48,Candles Exceeded,2,2024-07-23 16:00:06
AGLD/USDT,0.958,2024-07-23 15:30:23,0.95,2024-07-23 16:00:06,0.968,2024-07-23 12:00:00,-0.63,-1.65,Candles Exceeded,2,2024-07-23 16:00:06
HIGH/USDT,1.725,2024-07-23 15:30:59,1.71,2024-07-23 16:00:06,1.745,2024-07-23 12:00:00,-1.1,-2.23,Candles Exceeded,2,2024-07-23 16:00:06
LEVER/USDT,0.002241,2024-07-23 15:31:39,0.0,2024-07-23 16:00:06,0.002265,2024-07-23 12:00:00,-0.04,-1.1,Candles Exceeded,2,2024-07-23 16:00:06
PHB/USDT,1.723,2024-07-23 15:31:50,1.71,2024-07-23 16:00:06,1.747,2024-07-23 12:00:00,-0.75,-2.12,Candles Exceeded,2,2024-07-23 16:00:06
NOT/USDT,0.01423,2024-07-23 15:33:45,0.01,2024-07-23 16:00:06,0.01438,2024-07-23 12:00:00,0.0,-1.04,Candles Exceeded,2,2024-07-23 16:00:06
VIDT/USDT,0.02123,2024-07-23 15:39:26,0.02,2024-07-23 16:00:06,0.02151,2024-07-23 12:00:00,-0.28,-1.58,Candles Exceeded,2,2024-07-23 16:00:06
DF/USDT,0.03332,2024-07-23 15:39:34,0.03,2024-07-23 16:00:06,0.0338,2024-07-23 12:00:00,-0.27,-1.69,Candles Exceeded,2,2024-07-23 16:00:06
SPELL/USDT,0.0006645,2024-07-23 15:40:18,0.0,2024-07-23 16:00:06,0.0006719,2024-07-23 12:00:00,-0.12,-1.22,Candles Exceeded,2,2024-07-23 16:00:06
OSMO/USDT,0.5107,2024-07-23 15:40:59,0.51,2024-07-23 16:00:06,0.5169,2024-07-23 12:00:00,-0.37,-1.57,Candles Exceeded,2,2024-07-23 16:00:06
BLZ/USDT,0.1768,2024-07-23 15:46:09,0.18,2024-07-23 16:00:06,0.1786,2024-07-23 12:00:00,-0.57,-1.57,Candles Exceeded,2,2024-07-23 16:00:06
REQ/USDT,0.1108,2024-07-23 15:48:25,0.11,2024-07-23 16:00:06,0.112,2024-07-23 12:00:00,-0.36,-1.43,Candles Exceeded,2,2024-07-23 16:00:06
LQTY/USDT,0.829,2024-07-23 15:50:18,0.83,2024-07-23 16:00:06,0.838,2024-07-23 12:00:00,-0.12,-1.19,Candles Exceeded,2,2024-07-23 16:00:06
PROM/USDT,7.069,2024-07-23 15:50:25,7.07,2024-07-23 16:00:06,7.152,2024-07-23 12:00:00,0.03,-1.13,Candles Exceeded,2,2024-07-23 16:00:06
WAN/USDT,0.1972,2024-07-23 15:54:02,0.2,2024-07-23 16:00:06,0.1992,2024-07-23 12:00:00,0.0,-1.0,Candles Exceeded,2,2024-07-23 16:00:06
CHZ/USDT,0.0706,2024-07-23 15:54:06,0.07,2024-07-23 16:00:06,0.0715,2024-07-23 12:00:00,-0.14,-1.4,Candles Exceeded,2,2024-07-23 16:00:06
AXS/USDT,6.05,2024-07-23 15:55:55,6.06,2024-07-23 16:00:06,6.12,2024-07-23 12:00:00,0.1,-1.05,Candles Exceeded,2,2024-07-23 16:00:06
APE/USDT,0.809,2024-07-23 15:58:43,0.81,2024-07-23 16:00:06,0.819,2024-07-23 12:00:00,0.0,-1.22,Candles Exceeded,2,2024-07-23 16:00:06
OMNI/USDT,12.61,2024-07-23 16:19:51,12.5,2024-07-23 20:00:08,12.75,2024-07-23 16:00:00,-0.87,-1.96,Candles Exceeded,2,2024-07-23 20:00:08
PORTAL/USDT,0.4056,2024-07-23 16:29:03,0.4,2024-07-23 20:00:08,0.4113,2024-07-23 16:00:00,-1.21,-2.58,Candles Exceeded,2,2024-07-23 20:00:08
NOT/USDT,0.01407,2024-07-23 16:29:22,0.01,2024-07-23 20:00:08,0.01423,2024-07-23 16:00:00,-1.07,-2.18,Candles Exceeded,2,2024-07-23 20:00:08
TNSR/USDT,0.4957,2024-07-23 16:38:40,0.49,2024-07-23 20:00:08,0.5048,2024-07-23 16:00:00,-1.9,-3.66,Candles Exceeded,2,2024-07-23 20:00:08
CAKE/USDT,1.977,2024-07-23 16:52:47,1.98,2024-07-23 20:00:08,1.999,2024-07-23 16:00:00,0.2,-0.9,Candles Exceeded,2,2024-07-23 20:00:08
CELR/USDT,0.01379,2024-07-23 22:00:11,0.01,2024-07-24 00:00:00,0.01398,2024-07-23 20:00:00,0.0,-1.36,Candles Exceeded,2,2024-07-24 00:00:00
QTUM/USDT,2.589,2024-07-23 22:28:02,2.6,2024-07-24 00:00:11,2.617,2024-07-23 20:00:00,0.54,-0.53,Candles Exceeded,2,2024-07-24 00:00:11
AVAX/USDT,29.36,2024-07-24 00:42:56,28.98,2024-07-24 04:00:03,29.82,2024-07-24 00:00:00,-1.29,-2.82,Candles Exceeded,2,2024-07-24 04:00:03
UFT/USDT,0.2578,2024-07-24 00:47:04,0.26,2024-07-24 04:00:03,0.2606,2024-07-24 00:00:00,0.31,-0.77,Candles Exceeded,2,2024-07-24 04:00:03
SNX/USDT,1.75,2024-07-24 00:51:40,1.77,2024-07-24 03:54:55,1.769,2024-07-24 00:00:00,1.14,0.06,Profit Reached,1,2024-07-24 03:54:55
OG/USDT,3.074,2024-07-24 00:52:57,3.11,2024-07-24 03:44:48,3.106,2024-07-24 00:00:00,1.07,0.03,Profit Reached,1,2024-07-24 03:44:48
DEGO/USDT,1.541,2024-07-24 00:53:21,1.56,2024-07-24 04:00:03,1.557,2024-07-24 00:00:00,0.97,-0.06,Candles Exceeded,2,2024-07-24 04:00:03
BICO/USDT,0.3066,2024-07-24 00:55:13,0.31,2024-07-24 02:54:39,0.3106,2024-07-24 00:00:00,1.4,0.1,Profit Reached,1,2024-07-24 02:54:39
MAV/USDT,0.2015,2024-07-24 00:56:50,0.2,2024-07-24 02:34:49,0.2036,2024-07-24 00:00:00,1.09,0.05,Profit Reached,1,2024-07-24 02:34:49
ADX/USDT,0.1654,2024-07-24 01:50:47,0.17,2024-07-24 04:00:03,0.1672,2024-07-24 00:00:00,0.0,-1.08,Candles Exceeded,2,2024-07-24 04:00:03
AVAX/USDT,28.66,2024-07-24 04:46:50,28.99,2024-07-24 07:18:35,28.98,2024-07-24 04:00:00,1.15,0.03,Profit Reached,1,2024-07-24 07:18:35
LIT/USDT,0.71,2024-07-24 04:57:05,0.71,2024-07-24 08:00:05,0.718,2024-07-24 04:00:00,-0.14,-1.25,Candles Exceeded,2,2024-07-24 08:00:05
KSM/USDT,21.0,2024-07-24 05:24:32,21.24,2024-07-24 06:55:09,21.23,2024-07-24 04:00:00,1.14,0.05,Profit Reached,1,2024-07-24 06:55:09
TKO/USDT,0.295,2024-07-24 05:25:50,0.3,2024-07-24 07:15:53,0.2981,2024-07-24 04:00:00,1.15,0.1,Profit Reached,1,2024-07-24 07:15:53
UFT/USDT,0.2562,2024-07-24 05:28:53,0.26,2024-07-24 06:15:28,0.259,2024-07-24 04:00:00,1.13,0.04,Profit Reached,1,2024-07-24 06:15:28
SEI/USDT,0.3727,2024-07-24 12:46:11,0.38,2024-07-24 13:22:27,0.3765,2024-07-24 12:00:00,1.1,0.08,Profit Reached,1,2024-07-24 13:22:27
SEI/USDT,0.3719,2024-07-24 15:28:28,0.37,2024-07-24 16:00:09,0.3765,2024-07-24 12:00:00,-1.48,-2.68,Candles Exceeded,2,2024-07-24 16:00:09
UNI/USDT,7.58,2024-07-24 15:42:50,7.55,2024-07-24 16:00:09,7.669,2024-07-24 12:00:00,-0.44,-1.59,Candles Exceeded,2,2024-07-24 16:00:09
PORTO/USDT,1.465,2024-07-24 18:38:39,1.46,2024-07-24 20:00:10,1.481,2024-07-24 16:00:00,-0.27,-1.35,Candles Exceeded,2,2024-07-24 20:00:10
REN/USDT,0.04888,2024-07-24 18:44:08,0.05,2024-07-24 20:00:10,0.04947,2024-07-24 16:00:00,-0.35,-1.54,Candles Exceeded,2,2024-07-24 20:00:10
LOOM/USDT,0.0623,2024-07-24 18:50:06,0.06,2024-07-24 20:00:10,0.06295,2024-07-24 16:00:00,-0.05,-1.08,Candles Exceeded,2,2024-07-24 20:00:10
VOXEL/USDT,0.1451,2024-07-24 18:58:26,0.14,2024-07-24 20:00:10,0.148,2024-07-24 16:00:00,-0.55,-2.5,Candles Exceeded,2,2024-07-24 20:00:10
LAZIO/USDT,1.419,2024-07-24 19:07:36,1.42,2024-07-24 20:00:10,1.435,2024-07-24 16:00:00,0.07,-1.05,Candles Exceeded,2,2024-07-24 20:00:10
OMNI/USDT,12.29,2024-07-24 19:20:29,12.21,2024-07-24 20:00:10,12.42,2024-07-24 16:00:00,-0.65,-1.69,Candles Exceeded,2,2024-07-24 20:00:10
MASK/USDT,2.299,2024-07-24 21:12:37,2.29,2024-07-25 00:00:10,2.332,2024-07-24 20:00:00,-0.3,-1.72,Candles Exceeded,2,2024-07-25 00:00:10
MINA/USDT,0.5142,2024-07-24 21:12:58,0.51,2024-07-25 00:00:10,0.5195,2024-07-24 20:00:00,-0.7,-1.71,Candles Exceeded,2,2024-07-25 00:00:10
UFT/USDT,0.251,2024-07-24 21:15:29,0.25,2024-07-25 00:00:10,0.2575,2024-07-24 20:00:00,-1.47,-3.96,Candles Exceeded,2,2024-07-25 00:00:10
DENT/USDT,0.000935,2024-07-24 21:19:12,0.0,2024-07-25 00:00:10,0.000946,2024-07-24 20:00:00,-1.39,-2.54,Candles Exceeded,2,2024-07-25 00:00:10
IRIS/USDT,0.01285,2024-07-24 21:30:08,0.01,2024-07-25 00:00:10,0.01302,2024-07-24 20:00:00,-0.78,-2.07,Candles Exceeded,2,2024-07-25 00:00:10
WING/USDT,4.75,2024-07-24 21:30:34,4.7,2024-07-25 00:00:10,4.82,2024-07-24 20:00:00,-1.05,-2.49,Candles Exceeded,2,2024-07-25 00:00:10
BADGER/USDT,3.083,2024-07-24 21:31:33,3.1,2024-07-25 00:00:10,3.155,2024-07-24 20:00:00,0.62,-1.68,Candles Exceeded,2,2024-07-25 00:00:10
TKO/USDT,0.2932,2024-07-24 21:31:47,0.29,2024-07-25 00:00:10,0.2982,2024-07-24 20:00:00,-0.27,-1.95,Candles Exceeded,2,2024-07-25 00:00:10
BURGER/USDT,0.3822,2024-07-24 21:31:56,0.38,2024-07-25 00:00:10,0.3902,2024-07-24 20:00:00,0.1,-1.95,Candles Exceeded,2,2024-07-25 00:00:10
RARE/USDT,0.0837,2024-07-24 21:33:02,0.08,2024-07-25 00:00:10,0.085,2024-07-24 20:00:00,-0.72,-2.24,Candles Exceeded,2,2024-07-25 00:00:10
IMX/USDT,1.493,2024-07-24 21:33:46,1.48,2024-07-25 00:00:10,1.512,2024-07-24 20:00:00,-0.74,-1.98,Candles Exceeded,2,2024-07-25 00:00:10
WOO/USDT,0.1954,2024-07-24 21:33:57,0.2,2024-07-25 00:00:10,0.1978,2024-07-24 20:00:00,0.1,-1.11,Candles Exceeded,2,2024-07-25 00:00:10
OSMO/USDT,0.4842,2024-07-24 21:34:26,0.48,2024-07-25 00:00:10,0.492,2024-07-24 20:00:00,-0.39,-1.97,Candles Exceeded,2,2024-07-25 00:00:10
UNI/USDT,7.391,2024-07-24 23:04:21,7.42,2024-07-25 00:00:10,7.469,2024-07-24 20:00:00,0.41,-0.64,Candles Exceeded,2,2024-07-25 00:00:10
RARE/USDT,0.0813,2024-07-25 01:17:33,0.08,2024-07-25 04:00:01,0.0832,2024-07-25 00:00:00,-1.72,-3.97,Candles Exceeded,2,2024-07-25 04:00:01
UNI/USDT,7.105,2024-07-25 04:08:57,7.19,2024-07-25 04:51:41,7.186,2024-07-25 04:00:00,1.2,0.06,Profit Reached,1,2024-07-25 04:51:41
W/USDT,0.2788,2024-07-25 12:43:01,0.28,2024-07-25 14:36:50,0.2823,2024-07-25 12:00:00,1.36,0.11,Profit Reached,1,2024-07-25 14:36:50
OMNI/USDT,10.77,2024-07-25 12:43:06,10.91,2024-07-25 13:22:14,10.89,2024-07-25 12:00:00,1.3,0.18,Profit Reached,1,2024-07-25 13:22:14
AR/USDT,28.98,2024-07-25 12:48:21,29.4,2024-07-25 14:36:50,29.33,2024-07-25 12:00:00,1.45,0.24,Profit Reached,1,2024-07-25 14:36:50
HOOK/USDT,0.4914,2024-07-25 13:00:22,0.5,2024-07-25 13:30:59,0.4971,2024-07-25 12:00:00,1.18,0.02,Profit Reached,1,2024-07-25 13:30:59
GLM/USDT,0.3183,2024-07-25 13:10:11,0.32,2024-07-25 14:37:01,0.3227,2024-07-25 12:00:00,1.45,0.06,Profit Reached,1,2024-07-25 14:37:01
RAY/USDT,2.149,2024-07-25 13:17:18,2.18,2024-07-25 13:42:36,2.177,2024-07-25 12:00:00,1.49,0.18,Profit Reached,1,2024-07-25 13:42:36
ETHFI/USDT,2.025,2024-07-25 14:08:06,2.05,2024-07-25 14:25:14,2.047,2024-07-25 12:00:00,1.14,0.05,Profit Reached,1,2024-07-25 14:25:14
RAY/USDT,2.148,2024-07-25 14:13:52,2.18,2024-07-25 14:29:13,2.177,2024-07-25 12:00:00,1.4,0.05,Profit Reached,1,2024-07-25 14:29:13
REZ/USDT,0.0613,2024-07-25 17:28:08,0.06,2024-07-25 20:00:04,0.062,2024-07-25 16:00:00,-2.94,-4.03,Candles Exceeded,2,2024-07-25 20:00:04
THETA/USDT,1.378,2024-07-25 18:08:00,1.36,2024-07-25 20:00:04,1.394,2024-07-25 16:00:00,-1.16,-2.3,Candles Exceeded,2,2024-07-25 20:00:04
CELO/USDT,0.5359,2024-07-25 18:10:41,0.53,2024-07-25 20:00:04,0.5416,2024-07-25 16:00:00,-1.87,-2.9,Candles Exceeded,2,2024-07-25 20:00:04
BAKE/USDT,0.2464,2024-07-25 18:11:15,0.24,2024-07-25 20:00:04,0.2493,2024-07-25 16:00:00,-2.6,-3.73,Candles Exceeded,2,2024-07-25 20:00:04
BLUR/USDT,0.1762,2024-07-25 18:24:28,0.17,2024-07-25 20:00:04,0.1784,2024-07-25 16:00:00,-0.91,-2.13,Candles Exceeded,2,2024-07-25 20:00:04
TNSR/USDT,0.4582,2024-07-25 18:25:06,0.45,2024-07-25 20:00:04,0.4638,2024-07-25 16:00:00,-1.72,-2.91,Candles Exceeded,2,2024-07-25 20:00:04
HOT/USDT,0.001607,2024-07-25 18:26:47,0.0,2024-07-25 20:00:04,0.001624,2024-07-25 16:00:00,-0.5,-1.54,Candles Exceeded,2,2024-07-25 20:00:04
NEAR/USDT,5.292,2024-07-25 18:29:10,5.21,2024-07-25 20:00:04,5.358,2024-07-25 16:00:00,-1.57,-2.78,Candles Exceeded,2,2024-07-25 20:00:04
FRONT/USDT,0.811,2024-07-25 18:31:15,0.8,2024-07-25 20:00:04,0.821,2024-07-25 16:00:00,-1.48,-2.68,Candles Exceeded,2,2024-07-25 20:00:04
LUNC/USDT,8.059e-05,2024-07-25 18:32:38,0.0,2024-07-25 20:00:04,8.152e-05,2024-07-25 16:00:00,-1.58,-2.7,Candles Exceeded,2,2024-07-25 20:00:04
KNC/USDT,0.5054,2024-07-25 18:37:34,0.5,2024-07-25 20:00:04,0.5116,2024-07-25 16:00:00,-0.89,-2.09,Candles Exceeded,2,2024-07-25 20:00:04
APE/USDT,0.738,2024-07-25 18:41:46,0.73,2024-07-25 20:00:04,0.748,2024-07-25 16:00:00,-1.22,-2.54,Candles Exceeded,2,2024-07-25 20:00:04
GLM/USDT,0.3175,2024-07-25 18:42:28,0.32,2024-07-25 20:00:04,0.3213,2024-07-25 16:00:00,-0.41,-1.59,Candles Exceeded,2,2024-07-25 20:00:04
METIS/USDT,44.3,2024-07-25 18:43:46,44.09,2024-07-25 20:00:04,44.91,2024-07-25 16:00:00,-0.47,-1.83,Candles Exceeded,2,2024-07-25 20:00:04
NKN/USDT,0.0724,2024-07-25 18:46:17,0.07,2024-07-25 20:00:04,0.0733,2024-07-25 16:00:00,-0.14,-1.36,Candles Exceeded,2,2024-07-25 20:00:04
CHR/USDT,0.2137,2024-07-25 18:46:49,0.21,2024-07-25 20:00:04,0.2162,2024-07-25 16:00:00,-0.28,-1.43,Candles Exceeded,2,2024-07-25 20:00:04
TRB/USDT,68.84,2024-07-25 18:47:28,68.53,2024-07-25 20:00:04,69.79,2024-07-25 16:00:00,-0.45,-1.81,Candles Exceeded,2,2024-07-25 20:00:04
PHA/USDT,0.1188,2024-07-25 18:49:14,0.12,2024-07-25 20:00:04,0.1203,2024-07-25 16:00:00,0.25,-1.0,Candles Exceeded,2,2024-07-25 20:00:04
CLV/USDT,0.04627,2024-07-25 18:49:21,0.05,2024-07-25 20:00:04,0.04677,2024-07-25 16:00:00,0.58,-0.49,Candles Exceeded,2,2024-07-25 20:00:04
SPELL/USDT,0.0006163,2024-07-25 18:50:40,0.0,2024-07-25 20:00:04,0.0006236,2024-07-25 16:00:00,-0.23,-1.4,Candles Exceeded,2,2024-07-25 20:00:04
WOO/USDT,0.1853,2024-07-25 18:50:56,0.19,2024-07-25 20:00:04,0.1878,2024-07-25 16:00:00,0.05,-1.28,Candles Exceeded,2,2024-07-25 20:00:04
POLYX/USDT,0.2487,2024-07-25 18:51:19,0.25,2024-07-25 20:00:04,0.2523,2024-07-25 16:00:00,-0.08,-1.51,Candles Exceeded,2,2024-07-25 20:00:04
ARK/USDT,0.3466,2024-07-25 18:52:16,0.35,2024-07-25 20:00:04,0.3522,2024-07-25 16:00:00,0.58,-1.02,Candles Exceeded,2,2024-07-25 20:00:04
IO/USDT,2.579,2024-07-25 18:53:12,2.62,2024-07-25 19:19:17,2.617,2024-07-25 16:00:00,1.55,0.08,Profit Reached,1,2024-07-25 19:19:17
DOT/USDT,5.62,2024-07-25 19:05:34,5.68,2024-07-25 19:27:40,5.677,2024-07-25 16:00:00,1.03,0.02,Profit Reached,1,2024-07-25 19:27:40
NMR/USDT,12.75,2024-07-25 20:08:58,12.91,2024-07-25 20:47:26,12.9,2024-07-25 20:00:00,1.25,0.08,Profit Reached,1,2024-07-25 20:47:26
CFX/USDT,0.1394,2024-07-25 20:10:27,0.14,2024-07-25 20:42:16,0.1414,2024-07-25 20:00:00,1.51,0.07,Profit Reached,1,2024-07-25 20:42:16
SLP/USDT,0.002741,2024-07-25 20:10:38,0.0,2024-07-25 20:55:30,0.002777,2024-07-25 20:00:00,1.42,0.11,Profit Reached,1,2024-07-25 20:55:30
XVG/USDT,0.003952,2024-07-25 20:10:48,0.0,2024-07-25 20:50:31,0.004011,2024-07-25 20:00:00,1.54,0.05,Profit Reached,1,2024-07-25 20:50:31
YGG/USDT,0.4233,2024-07-25 20:11:32,0.43,2024-07-25 20:52:33,0.4305,2024-07-25 20:00:00,1.75,0.05,Profit Reached,1,2024-07-25 20:52:33
FRONT/USDT,0.786,2024-07-25 20:11:37,0.8,2024-07-25 20:54:04,0.799,2024-07-25 20:00:00,1.78,0.13,Profit Reached,1,2024-07-25 20:54:04
JASMY/USDT,0.02518,2024-07-25 20:12:04,0.03,2024-07-25 20:46:41,0.02559,2024-07-25 20:00:00,1.67,0.04,Profit Reached,1,2024-07-25 20:46:41
IMX/USDT,1.395,2024-07-25 20:12:27,1.42,2024-07-25 20:47:56,1.414,2024-07-25 20:00:00,1.51,0.14,Profit Reached,1,2024-07-25 20:47:56
STEEM/USDT,0.1855,2024-07-25 20:12:50,0.19,2024-07-25 20:53:52,0.1878,2024-07-25 20:00:00,1.29,0.05,Profit Reached,1,2024-07-25 20:53:52
FLOKI/USDT,0.00016504,2024-07-25 20:13:45,0.0,2024-07-25 20:55:30,0.00016853,2024-07-25 20:00:00,2.21,0.09,Profit Reached,1,2024-07-25 20:55:30
BONK/USDT,2.548e-05,2024-07-25 20:14:23,0.0,2024-07-25 20:59:31,2.639e-05,2024-07-25 20:00:00,3.61,0.04,Profit Reached,1,2024-07-25 20:59:31
ACE/USDT,2.598,2024-07-25 20:14:24,2.63,2024-07-25 20:31:08,2.634,2024-07-25 20:00:00,1.42,0.04,Profit Reached,1,2024-07-25 20:31:08
XAI/USDT,0.3045,2024-07-25 20:14:28,0.31,2024-07-25 20:47:26,0.3105,2024-07-25 20:00:00,2.04,0.06,Profit Reached,1,2024-07-25 20:47:26
ETHFI/USDT,1.966,2024-07-25 20:14:50,1.99,2024-07-25 20:31:08,1.991,2024-07-25 20:00:00,1.37,0.1,Profit Reached,1,2024-07-25 20:31:08
XLM/USDT,0.1004,2024-07-25 20:16:24,0.1,2024-07-25 21:03:06,0.1016,2024-07-25 20:00:00,1.29,0.1,Profit Reached,1,2024-07-25 21:03:06
HOT/USDT,0.001578,2024-07-25 20:16:38,0.0,2024-07-25 20:53:26,0.001597,2024-07-25 20:00:00,1.27,0.06,Profit Reached,1,2024-07-25 20:53:26
ENJ/USDT,0.1726,2024-07-25 20:16:51,0.17,2024-07-25 20:47:41,0.1744,2024-07-25 20:00:00,1.1,0.06,Profit Reached,1,2024-07-25 20:47:41
DENT/USDT,0.000886,2024-07-25 20:17:08,0.0,2024-07-25 20:59:55,0.000896,2024-07-25 20:00:00,1.24,0.11,Profit Reached,1,2024-07-25 20:59:55
RLC/USDT,1.649,2024-07-25 20:17:29,1.67,2024-07-25 20:50:45,1.671,2024-07-25 20:00:00,1.39,0.06,Profit Reached,1,2024-07-25 20:50:45
OGN/USDT,0.0866,2024-07-25 20:17:39,0.09,2024-07-25 21:00:06,0.0889,2024-07-25 20:00:00,2.77,0.11,Profit Reached,1,2024-07-25 21:00:06
BLZ/USDT,0.1645,2024-07-25 20:18:20,0.17,2024-07-25 20:42:16,0.1664,2024-07-25 20:00:00,1.22,0.06,Profit Reached,1,2024-07-25 20:42:16
XVS/USDT,6.67,2024-07-25 20:18:57,6.77,2024-07-25 20:57:27,6.76,2024-07-25 20:00:00,1.5,0.15,Profit Reached,1,2024-07-25 20:57:27
FIL/USDT,4.073,2024-07-25 20:19:02,4.13,2024-07-25 20:53:13,4.126,2024-07-25 20:00:00,1.35,0.05,Profit Reached,1,2024-07-25 20:53:13
POND/USDT,0.01616,2024-07-26 04:52:45,0.02,2024-07-26 08:00:06,0.01633,2024-07-26 04:00:00,-0.19,-1.22,Candles Exceeded,2,2024-07-26 08:00:06
LSK/USDT,1.053,2024-07-27 11:09:18,1.05,2024-07-27 12:00:10,1.064,2024-07-27 08:00:00,0.0,-1.03,Candles Exceeded,2,2024-07-27 12:00:10
ILV/USDT,63.74,2024-07-27 12:57:14,64.54,2024-07-27 13:14:56,64.43,2024-07-27 12:00:00,1.26,0.17,Profit Reached,1,2024-07-27 13:14:56
ILV/USDT,63.68,2024-07-27 14:51:36,62.57,2024-07-27 16:00:01,64.43,2024-07-27 12:00:00,-1.74,-2.89,Candles Exceeded,2,2024-07-27 16:00:01
BONK/USDT,2.857e-05,2024-07-27 16:48:26,0.0,,2.895e-05,2024-07-27 16:00:00,-0.81,-2.11,,1,2024-07-27 18:04:56
INJ/USDT,24.52,2024-07-27 16:53:06,0.0,,24.82,2024-07-27 16:00:00,0.53,-0.68,,1,2024-07-27 18:04:56
ZEN/USDT,10.71,2024-07-27 17:20:32,0.0,,10.82,2024-07-27 16:00:00,0.56,-0.46,,1,2024-07-27 18:04:56
CKB/USDT,0.012182,2024-07-27 17:40:52,0.0,,0.012315,2024-07-27 16:00:00,0.89,-0.19,,1,2024-07-27 18:04:56
RSR/USDT,0.005118,2024-07-27 17:58:40,0.0,,0.005171,2024-07-27 16:00:00,0.49,-0.54,,1,2024-07-27 18:04:56
